SPECIES_ITIS,STOCK_ABBREV,SEX_TYPE,PURPOSE_CODE,SURVEY,SEASON,YEAR,AGE,NO_AT_AGE,ALK_COMPLETE,STRATA_SAMPLING_COMPLETE
172905,SNEMA,NONE,10,"NMFS fall BTS",FALL,1976,1,.0577,N,N
172905,SNEMA,NONE,10,"NMFS fall BTS",FALL,1976,2,.8349,N,N
172905,SNEMA,NONE,10,"NMFS fall BTS",FALL,1976,3,.9825,N,N
172905,SNEMA,NONE,10,"NMFS fall BTS",FALL,1976,4,.3903,N,N
172905,SNEMA,NONE,10,"NMFS fall BTS",FALL,1976,5,.2606,N,N
172905,SNEMA,NONE,10,"NMFS fall BTS",FALL,1976,6,.1331,N,N
172905,SNEMA,NONE,10,"NMFS fall BTS",FALL,1976,7,.0511,N,N
172905,SNEMA,NONE,10,"NMFS fall BTS",FALL,1976,8,.0702,N,N
172905,SNEMA,NONE,10,"NMFS fall BTS",FALL,1977,,,,
172905,SNEMA,NONE,10,"NMFS fall BTS",FALL,1978,,,,
172905,SNEMA,NONE,10,"NMFS fall BTS",FALL,1979,,,,
172905,SNEMA,NONE,10,"NMFS fall BTS",FALL,1980,1,.9956,N,Y
172905,SNEMA,NONE,10,"NMFS fall BTS",FALL,1980,2,5.4705,N,Y
172905,SNEMA,NONE,10,"NMFS fall BTS",FALL,1980,3,2.8801,N,Y
172905,SNEMA,NONE,10,"NMFS fall BTS",FALL,1980,4,.4167,N,Y
172905,SNEMA,NONE,10,"NMFS fall BTS",FALL,1981,1,2.1134,N,N
172905,SNEMA,NONE,10,"NMFS fall BTS",FALL,1981,2,6.0125,N,N
172905,SNEMA,NONE,10,"NMFS fall BTS",FALL,1981,3,2.3107,N,N
172905,SNEMA,NONE,10,"NMFS fall BTS",FALL,1981,4,.2822,N,N
172905,SNEMA,NONE,10,"NMFS fall BTS",FALL,1981,5,.0249,N,N
172905,SNEMA,NONE,10,"NMFS fall BTS",FALL,1981,7,.0223,N,N
172905,SNEMA,NONE,10,"NMFS fall BTS",FALL,1982,1,.8646,N,N
172905,SNEMA,NONE,10,"NMFS fall BTS",FALL,1982,2,2.291,N,N
172905,SNEMA,NONE,10,"NMFS fall BTS",FALL,1982,3,1.2032,N,N
172905,SNEMA,NONE,10,"NMFS fall BTS",FALL,1982,4,.4891,N,N
172905,SNEMA,NONE,10,"NMFS fall BTS",FALL,1982,5,.0624,N,N
172905,SNEMA,NONE,10,"NMFS fall BTS",FALL,1982,6,.023,N,N
172905,SNEMA,NONE,10,"NMFS fall BTS",FALL,1983,1,1.7951,N,N
172905,SNEMA,NONE,10,"NMFS fall BTS",FALL,1983,2,4.4652,N,N
172905,SNEMA,NONE,10,"NMFS fall BTS",FALL,1983,3,2.38,N,N
172905,SNEMA,NONE,10,"NMFS fall BTS",FALL,1983,4,.6452,N,N
172905,SNEMA,NONE,10,"NMFS fall BTS",FALL,1983,5,.3816,N,N
172905,SNEMA,NONE,10,"NMFS fall BTS",FALL,1983,6,.1019,N,N
172905,SNEMA,NONE,10,"NMFS fall BTS",FALL,1983,7,.0695,N,N
172905,SNEMA,NONE,10,"NMFS fall BTS",FALL,1983,8,.0981,N,N
172905,SNEMA,NONE,10,"NMFS fall BTS",FALL,1983,9,.0192,N,N
172905,SNEMA,NONE,10,"NMFS fall BTS",FALL,1984,1,.1778,N,Y
172905,SNEMA,NONE,10,"NMFS fall BTS",FALL,1984,2,.9784,N,Y
172905,SNEMA,NONE,10,"NMFS fall BTS",FALL,1984,3,1.2482,N,Y
172905,SNEMA,NONE,10,"NMFS fall BTS",FALL,1984,4,.276,N,Y
172905,SNEMA,NONE,10,"NMFS fall BTS",FALL,1984,5,.0021,N,Y
172905,SNEMA,NONE,10,"NMFS fall BTS",FALL,1984,6,.0084,N,Y
172905,SNEMA,NONE,10,"NMFS fall BTS",FALL,1984,7,.0042,N,Y
172905,SNEMA,NONE,10,"NMFS fall BTS",FALL,1985,1,.0487,N,N
172905,SNEMA,NONE,10,"NMFS fall BTS",FALL,1985,2,1.0602,N,N
172905,SNEMA,NONE,10,"NMFS fall BTS",FALL,1985,3,.9359,N,N
172905,SNEMA,NONE,10,"NMFS fall BTS",FALL,1985,4,.2447,N,N
172905,SNEMA,NONE,10,"NMFS fall BTS",FALL,1985,5,.1099,N,N
172905,SNEMA,NONE,10,"NMFS fall BTS",FALL,1986,1,.2487,N,Y
172905,SNEMA,NONE,10,"NMFS fall BTS",FALL,1986,2,1.0007,N,Y
172905,SNEMA,NONE,10,"NMFS fall BTS",FALL,1986,3,.2824,N,Y
172905,SNEMA,NONE,10,"NMFS fall BTS",FALL,1986,4,.0286,N,Y
172905,SNEMA,NONE,10,"NMFS fall BTS",FALL,1986,5,.0058,N,Y
172905,SNEMA,NONE,10,"NMFS fall BTS",FALL,1987,1,.043,N,Y
172905,SNEMA,NONE,10,"NMFS fall BTS",FALL,1987,2,.7622,N,Y
172905,SNEMA,NONE,10,"NMFS fall BTS",FALL,1987,3,.3908,N,Y
172905,SNEMA,NONE,10,"NMFS fall BTS",FALL,1987,4,.1292,N,Y
172905,SNEMA,NONE,10,"NMFS fall BTS",FALL,1987,5,.0223,N,Y
172905,SNEMA,NONE,10,"NMFS fall BTS",FALL,1988,1,.0275,N,Y
172905,SNEMA,NONE,10,"NMFS fall BTS",FALL,1988,2,.3321,N,Y
172905,SNEMA,NONE,10,"NMFS fall BTS",FALL,1988,3,.5277,N,Y
172905,SNEMA,NONE,10,"NMFS fall BTS",FALL,1988,4,.2227,N,Y
172905,SNEMA,NONE,10,"NMFS fall BTS",FALL,1988,5,.0342,N,Y
172905,SNEMA,NONE,10,"NMFS fall BTS",FALL,1988,7,.0072,N,Y
172905,SNEMA,NONE,10,"NMFS fall BTS",FALL,1988,8,.0044,N,Y
172905,SNEMA,NONE,10,"NMFS fall BTS",FALL,1989,1,.2792,N,N
172905,SNEMA,NONE,10,"NMFS fall BTS",FALL,1989,2,.8308,N,N
172905,SNEMA,NONE,10,"NMFS fall BTS",FALL,1989,3,.3751,N,N
172905,SNEMA,NONE,10,"NMFS fall BTS",FALL,1989,4,.0611,N,N
172905,SNEMA,NONE,10,"NMFS fall BTS",FALL,1989,5,.0157,N,N
172905,SNEMA,NONE,10,"NMFS fall BTS",FALL,1990,1,.076,N,Y
172905,SNEMA,NONE,10,"NMFS fall BTS",FALL,1990,2,.9416,N,Y
172905,SNEMA,NONE,10,"NMFS fall BTS",FALL,1990,3,.913,N,Y
172905,SNEMA,NONE,10,"NMFS fall BTS",FALL,1990,4,.1673,N,Y
172905,SNEMA,NONE,10,"NMFS fall BTS",FALL,1990,5,.01,N,Y
172905,SNEMA,NONE,10,"NMFS fall BTS",FALL,1990,7,.0013,N,Y
172905,SNEMA,NONE,10,"NMFS fall BTS",FALL,1991,1,.0445,N,Y
172905,SNEMA,NONE,10,"NMFS fall BTS",FALL,1991,2,1.1491,N,Y
172905,SNEMA,NONE,10,"NMFS fall BTS",FALL,1991,3,.8311,N,Y
172905,SNEMA,NONE,10,"NMFS fall BTS",FALL,1991,4,.1094,N,Y
172905,SNEMA,NONE,10,"NMFS fall BTS",FALL,1991,5,.0154,N,Y
172905,SNEMA,NONE,10,"NMFS fall BTS",FALL,1992,1,.1935,Y,Y
172905,SNEMA,NONE,10,"NMFS fall BTS",FALL,1992,2,1.8724,Y,Y
172905,SNEMA,NONE,10,"NMFS fall BTS",FALL,1992,3,.969,Y,Y
172905,SNEMA,NONE,10,"NMFS fall BTS",FALL,1992,4,.2539,Y,Y
172905,SNEMA,NONE,10,"NMFS fall BTS",FALL,1992,5,.0253,Y,Y
172905,SNEMA,NONE,10,"NMFS fall BTS",FALL,1992,6,.0058,Y,Y
172905,SNEMA,NONE,10,"NMFS fall BTS",FALL,1993,1,.3834,Y,Y
172905,SNEMA,NONE,10,"NMFS fall BTS",FALL,1993,2,.5219,Y,Y
172905,SNEMA,NONE,10,"NMFS fall BTS",FALL,1993,3,.3477,Y,Y
172905,SNEMA,NONE,10,"NMFS fall BTS",FALL,1993,4,.0656,Y,Y
172905,SNEMA,NONE,10,"NMFS fall BTS",FALL,1993,7,.0026,Y,Y
172905,SNEMA,NONE,10,"NMFS fall BTS",FALL,1994,1,.4853,N,N
172905,SNEMA,NONE,10,"NMFS fall BTS",FALL,1994,2,2.5425,N,N
172905,SNEMA,NONE,10,"NMFS fall BTS",FALL,1994,3,1.236,N,N
172905,SNEMA,NONE,10,"NMFS fall BTS",FALL,1994,4,.3746,N,N
172905,SNEMA,NONE,10,"NMFS fall BTS",FALL,1994,5,.0634,N,N
172905,SNEMA,NONE,10,"NMFS fall BTS",FALL,1994,6,.0297,N,N
172905,SNEMA,NONE,10,"NMFS fall BTS",FALL,1995,1,.3991,Y,Y
172905,SNEMA,NONE,10,"NMFS fall BTS",FALL,1995,2,.8659,Y,Y
172905,SNEMA,NONE,10,"NMFS fall BTS",FALL,1995,3,.7347,Y,Y
172905,SNEMA,NONE,10,"NMFS fall BTS",FALL,1995,4,.1144,Y,Y
172905,SNEMA,NONE,10,"NMFS fall BTS",FALL,1995,5,.0047,Y,Y
172905,SNEMA,NONE,10,"NMFS fall BTS",FALL,1995,6,.0139,Y,Y
172905,SNEMA,NONE,10,"NMFS fall BTS",FALL,1996,1,.6234,Y,Y
172905,SNEMA,NONE,10,"NMFS fall BTS",FALL,1996,2,1.4885,Y,Y
172905,SNEMA,NONE,10,"NMFS fall BTS",FALL,1996,3,.9405,Y,Y
172905,SNEMA,NONE,10,"NMFS fall BTS",FALL,1996,4,.3635,Y,Y
172905,SNEMA,NONE,10,"NMFS fall BTS",FALL,1996,5,.0716,Y,Y
172905,SNEMA,NONE,10,"NMFS fall BTS",FALL,1996,6,.0017,Y,Y
172905,SNEMA,NONE,10,"NMFS fall BTS",FALL,1997,0,.0087,Y,Y
172905,SNEMA,NONE,10,"NMFS fall BTS",FALL,1997,1,1.5194,Y,Y
172905,SNEMA,NONE,10,"NMFS fall BTS",FALL,1997,2,3.9535,Y,Y
172905,SNEMA,NONE,10,"NMFS fall BTS",FALL,1997,3,2.871,Y,Y
172905,SNEMA,NONE,10,"NMFS fall BTS",FALL,1997,4,.7026,Y,Y
172905,SNEMA,NONE,10,"NMFS fall BTS",FALL,1997,5,.0804,Y,Y
172905,SNEMA,NONE,10,"NMFS fall BTS",FALL,1998,0,.0044,Y,Y
172905,SNEMA,NONE,10,"NMFS fall BTS",FALL,1998,1,1.4458,Y,Y
172905,SNEMA,NONE,10,"NMFS fall BTS",FALL,1998,2,3.1384,Y,Y
172905,SNEMA,NONE,10,"NMFS fall BTS",FALL,1998,3,2.1902,Y,Y
172905,SNEMA,NONE,10,"NMFS fall BTS",FALL,1998,4,.4632,Y,Y
172905,SNEMA,NONE,10,"NMFS fall BTS",FALL,1998,5,.0502,Y,Y
172905,SNEMA,NONE,10,"NMFS fall BTS",FALL,1998,6,.0065,Y,Y
172905,SNEMA,NONE,10,"NMFS fall BTS",FALL,1999,1,.4226,N,Y
172905,SNEMA,NONE,10,"NMFS fall BTS",FALL,1999,2,1.0862,N,Y
172905,SNEMA,NONE,10,"NMFS fall BTS",FALL,1999,3,1.7946,N,Y
172905,SNEMA,NONE,10,"NMFS fall BTS",FALL,1999,4,.5833,N,Y
172905,SNEMA,NONE,10,"NMFS fall BTS",FALL,1999,5,.2096,N,Y
172905,SNEMA,NONE,10,"NMFS fall BTS",FALL,1999,6,.0273,N,Y
172905,SNEMA,NONE,10,"NMFS fall BTS",FALL,2000,1,.9688,Y,N
172905,SNEMA,NONE,10,"NMFS fall BTS",FALL,2000,2,2.2241,Y,N
172905,SNEMA,NONE,10,"NMFS fall BTS",FALL,2000,3,2.497,Y,N
172905,SNEMA,NONE,10,"NMFS fall BTS",FALL,2000,4,.646,Y,N
172905,SNEMA,NONE,10,"NMFS fall BTS",FALL,2000,5,.1692,Y,N
172905,SNEMA,NONE,10,"NMFS fall BTS",FALL,2000,6,.0118,Y,N
172905,SNEMA,NONE,10,"NMFS fall BTS",FALL,2000,7,.0098,Y,N
172905,SNEMA,NONE,10,"NMFS fall BTS",FALL,2001,1,.5154,N,N
172905,SNEMA,NONE,10,"NMFS fall BTS",FALL,2001,2,1.2449,N,N
172905,SNEMA,NONE,10,"NMFS fall BTS",FALL,2001,3,1.017,N,N
172905,SNEMA,NONE,10,"NMFS fall BTS",FALL,2001,4,.3358,N,N
172905,SNEMA,NONE,10,"NMFS fall BTS",FALL,2001,5,.2147,N,N
172905,SNEMA,NONE,10,"NMFS fall BTS",FALL,2001,6,.0155,N,N
172905,SNEMA,NONE,10,"NMFS fall BTS",FALL,2001,7,.0303,N,N
172905,SNEMA,NONE,10,"NMFS fall BTS",FALL,2002,0,.0182,Y,Y
172905,SNEMA,NONE,10,"NMFS fall BTS",FALL,2002,1,.3972,Y,Y
172905,SNEMA,NONE,10,"NMFS fall BTS",FALL,2002,2,4.9819,Y,Y
172905,SNEMA,NONE,10,"NMFS fall BTS",FALL,2002,3,2.8184,Y,Y
172905,SNEMA,NONE,10,"NMFS fall BTS",FALL,2002,4,1.3664,Y,Y
172905,SNEMA,NONE,10,"NMFS fall BTS",FALL,2002,5,.6195,Y,Y
172905,SNEMA,NONE,10,"NMFS fall BTS",FALL,2002,6,.2118,Y,Y
172905,SNEMA,NONE,10,"NMFS fall BTS",FALL,2002,7,.0044,Y,Y
172905,SNEMA,NONE,10,"NMFS fall BTS",FALL,2002,8,.0203,Y,Y
172905,SNEMA,NONE,10,"NMFS fall BTS",FALL,2003,1,.4802,Y,N
172905,SNEMA,NONE,10,"NMFS fall BTS",FALL,2003,2,1.0855,Y,N
172905,SNEMA,NONE,10,"NMFS fall BTS",FALL,2003,3,1.2849,Y,N
172905,SNEMA,NONE,10,"NMFS fall BTS",FALL,2003,4,.4988,Y,N
172905,SNEMA,NONE,10,"NMFS fall BTS",FALL,2003,5,.1299,Y,N
172905,SNEMA,NONE,10,"NMFS fall BTS",FALL,2003,6,.0322,Y,N
172905,SNEMA,NONE,10,"NMFS fall BTS",FALL,2003,7,.0156,Y,N
172905,SNEMA,NONE,10,"NMFS fall BTS",FALL,2004,1,2.2116,Y,Y
172905,SNEMA,NONE,10,"NMFS fall BTS",FALL,2004,2,.7548,Y,Y
172905,SNEMA,NONE,10,"NMFS fall BTS",FALL,2004,3,.3536,Y,Y
172905,SNEMA,NONE,10,"NMFS fall BTS",FALL,2004,4,.3499,Y,Y
172905,SNEMA,NONE,10,"NMFS fall BTS",FALL,2004,5,.0743,Y,Y
172905,SNEMA,NONE,10,"NMFS fall BTS",FALL,2004,6,.0434,Y,Y
172905,SNEMA,NONE,10,"NMFS fall BTS",FALL,2004,7,.0249,Y,Y
172905,SNEMA,NONE,10,"NMFS fall BTS",FALL,2005,1,.8285,Y,Y
172905,SNEMA,NONE,10,"NMFS fall BTS",FALL,2005,2,2.0905,Y,Y
172905,SNEMA,NONE,10,"NMFS fall BTS",FALL,2005,3,.9418,Y,Y
172905,SNEMA,NONE,10,"NMFS fall BTS",FALL,2005,4,.2645,Y,Y
172905,SNEMA,NONE,10,"NMFS fall BTS",FALL,2005,5,.1551,Y,Y
172905,SNEMA,NONE,10,"NMFS fall BTS",FALL,2005,6,.0901,Y,Y
172905,SNEMA,NONE,10,"NMFS fall BTS",FALL,2005,7,.0088,Y,Y
172905,SNEMA,NONE,10,"NMFS fall BTS",FALL,2006,1,.4555,Y,Y
172905,SNEMA,NONE,10,"NMFS fall BTS",FALL,2006,2,1.5861,Y,Y
172905,SNEMA,NONE,10,"NMFS fall BTS",FALL,2006,3,.9058,Y,Y
172905,SNEMA,NONE,10,"NMFS fall BTS",FALL,2006,4,.225,Y,Y
172905,SNEMA,NONE,10,"NMFS fall BTS",FALL,2006,5,.0714,Y,Y
172905,SNEMA,NONE,10,"NMFS fall BTS",FALL,2006,6,.0172,Y,Y
172905,SNEMA,NONE,10,"NMFS fall BTS",FALL,2006,7,.0034,Y,Y
172905,SNEMA,NONE,10,"NMFS fall BTS",FALL,2007,1,.6752,Y,Y
172905,SNEMA,NONE,10,"NMFS fall BTS",FALL,2007,2,1.997,Y,Y
172905,SNEMA,NONE,10,"NMFS fall BTS",FALL,2007,3,1.2201,Y,Y
172905,SNEMA,NONE,10,"NMFS fall BTS",FALL,2007,4,.1926,Y,Y
172905,SNEMA,NONE,10,"NMFS fall BTS",FALL,2007,5,.0231,Y,Y
172905,SNEMA,NONE,10,"NMFS fall BTS",FALL,2007,6,.0356,Y,Y
172905,SNEMA,NONE,10,"NMFS fall BTS",FALL,2008,1,.4947,N,Y
172905,SNEMA,NONE,10,"NMFS fall BTS",FALL,2008,2,.8033,N,Y
172905,SNEMA,NONE,10,"NMFS fall BTS",FALL,2008,3,.8461,N,Y
172905,SNEMA,NONE,10,"NMFS fall BTS",FALL,2008,4,.7438,N,Y
172905,SNEMA,NONE,10,"NMFS fall BTS",FALL,2008,5,.3269,N,Y
172905,SNEMA,NONE,10,"NMFS fall BTS",FALL,2008,6,.0947,N,Y
172905,SNEMA,NONE,10,"NMFS fall BTS",FALL,2009,1,.599,Y,Y
172905,SNEMA,NONE,10,"NMFS fall BTS",FALL,2009,2,.9905,Y,Y
172905,SNEMA,NONE,10,"NMFS fall BTS",FALL,2009,3,.2783,Y,Y
172905,SNEMA,NONE,10,"NMFS fall BTS",FALL,2009,4,.1842,Y,Y
172905,SNEMA,NONE,10,"NMFS fall BTS",FALL,2009,5,.1047,Y,Y
172905,SNEMA,NONE,10,"NMFS fall BTS",FALL,2009,6,.0159,Y,Y
172905,SNEMA,NONE,10,"NMFS fall BTS",FALL,2009,7,.003,Y,Y
172905,SNEMA,NONE,10,"NMFS fall BTS",FALL,2009,9,.0062,Y,Y
172905,SNEMA,NONE,10,"NMFS fall BTS",FALL,2009,11,.003,Y,Y
172905,SNEMA,NONE,10,"NMFS fall BTS",FALL,2010,0,.0052,Y,Y
172905,SNEMA,NONE,10,"NMFS fall BTS",FALL,2010,1,.5327,Y,Y
172905,SNEMA,NONE,10,"NMFS fall BTS",FALL,2010,2,1.2786,Y,Y
172905,SNEMA,NONE,10,"NMFS fall BTS",FALL,2010,3,.7614,Y,Y
172905,SNEMA,NONE,10,"NMFS fall BTS",FALL,2010,4,.2602,Y,Y
172905,SNEMA,NONE,10,"NMFS fall BTS",FALL,2010,5,.2234,Y,Y
172905,SNEMA,NONE,10,"NMFS fall BTS",FALL,2010,6,.0221,Y,Y
172905,SNEMA,NONE,10,"NMFS fall BTS",FALL,2010,7,.0287,Y,Y
172905,SNEMA,NONE,10,"NMFS fall BTS",FALL,2010,9,.0072,Y,Y
172905,SNEMA,NONE,10,"NMFS fall BTS",FALL,2011,0,.0064,Y,Y
172905,SNEMA,NONE,10,"NMFS fall BTS",FALL,2011,1,.3137,Y,Y
172905,SNEMA,NONE,10,"NMFS fall BTS",FALL,2011,2,.3949,Y,Y
172905,SNEMA,NONE,10,"NMFS fall BTS",FALL,2011,3,.3627,Y,Y
172905,SNEMA,NONE,10,"NMFS fall BTS",FALL,2011,4,.2647,Y,Y
172905,SNEMA,NONE,10,"NMFS fall BTS",FALL,2011,5,.1253,Y,Y
172905,SNEMA,NONE,10,"NMFS fall BTS",FALL,2011,6,.1263,Y,Y
172905,SNEMA,NONE,10,"NMFS fall BTS",FALL,2011,7,.0419,Y,Y
172905,SNEMA,NONE,10,"NMFS fall BTS",FALL,2011,8,.0111,Y,Y
172905,SNEMA,NONE,10,"NMFS fall BTS",FALL,2011,11,.0053,Y,Y
172905,SNEMA,NONE,10,"NMFS fall BTS",FALL,2012,0,.0004,N,Y
172905,SNEMA,NONE,10,"NMFS fall BTS",FALL,2012,1,1.1045,N,Y
172905,SNEMA,NONE,10,"NMFS fall BTS",FALL,2012,2,2.6612,N,Y
172905,SNEMA,NONE,10,"NMFS fall BTS",FALL,2012,3,2.2694,N,Y
172905,SNEMA,NONE,10,"NMFS fall BTS",FALL,2012,4,.8872,N,Y
172905,SNEMA,NONE,10,"NMFS fall BTS",FALL,2012,5,.2216,N,Y
172905,SNEMA,NONE,10,"NMFS fall BTS",FALL,2012,6,.0635,N,Y
172905,SNEMA,NONE,10,"NMFS fall BTS",FALL,2012,7,.0317,N,Y
172905,SNEMA,NONE,10,"NMFS fall BTS",FALL,2012,8,.0166,N,Y
172905,SNEMA,NONE,10,"NMFS fall BTS",FALL,2012,13,.0069,N,Y
172905,SNEMA,NONE,10,"NMFS fall BTS",FALL,2013,0,.0008,N,Y
172905,SNEMA,NONE,10,"NMFS fall BTS",FALL,2013,1,.0532,N,Y
172905,SNEMA,NONE,10,"NMFS fall BTS",FALL,2013,2,.1861,N,Y
172905,SNEMA,NONE,10,"NMFS fall BTS",FALL,2013,3,.2116,N,Y
172905,SNEMA,NONE,10,"NMFS fall BTS",FALL,2013,4,.1721,N,Y
172905,SNEMA,NONE,10,"NMFS fall BTS",FALL,2013,5,.0603,N,Y
172905,SNEMA,NONE,10,"NMFS fall BTS",FALL,2013,6,.0391,N,Y
172905,SNEMA,NONE,10,"NMFS fall BTS",FALL,2013,7,.0129,N,Y
172905,SNEMA,NONE,10,"NMFS fall BTS",FALL,2013,8,.0029,N,Y
172905,SNEMA,NONE,10,"NMFS fall BTS",FALL,2013,9,.005,N,Y
172905,SNEMA,NONE,10,"NMFS fall BTS",FALL,2014,1,.4287,Y,Y
172905,SNEMA,NONE,10,"NMFS fall BTS",FALL,2014,2,.1554,Y,Y
172905,SNEMA,NONE,10,"NMFS fall BTS",FALL,2014,3,.1355,Y,Y
172905,SNEMA,NONE,10,"NMFS fall BTS",FALL,2014,4,.0485,Y,Y
172905,SNEMA,NONE,10,"NMFS fall BTS",FALL,2014,5,.0282,Y,Y
172905,SNEMA,NONE,10,"NMFS fall BTS",FALL,2014,6,.0181,Y,Y
172905,SNEMA,NONE,10,"NMFS fall BTS",FALL,2014,7,.0047,Y,Y
172905,SNEMA,NONE,10,"NMFS fall BTS",FALL,2015,1,.0239,N,Y
172905,SNEMA,NONE,10,"NMFS fall BTS",FALL,2015,2,.7111,N,Y
172905,SNEMA,NONE,10,"NMFS fall BTS",FALL,2015,3,.2922,N,Y
172905,SNEMA,NONE,10,"NMFS fall BTS",FALL,2015,4,.1112,N,Y
172905,SNEMA,NONE,10,"NMFS fall BTS",FALL,2015,5,.0162,N,Y
172905,SNEMA,NONE,10,"NMFS fall BTS",FALL,2015,6,.0421,N,Y
172905,SNEMA,NONE,10,"NMFS fall BTS",FALL,2015,9,.0005,N,Y
172905,SNEMA,NONE,10,"NMFS fall BTS",FALL,2016,1,.437,N,Y
172905,SNEMA,NONE,10,"NMFS fall BTS",FALL,2016,2,.3329,N,Y
172905,SNEMA,NONE,10,"NMFS fall BTS",FALL,2016,3,.2022,N,Y
172905,SNEMA,NONE,10,"NMFS fall BTS",FALL,2016,4,.0149,N,Y
172905,SNEMA,NONE,10,"NMFS fall BTS",FALL,2016,5,.0218,N,Y
172905,SNEMA,NONE,10,"NMFS fall BTS",FALL,2016,6,.014,N,Y
172905,SNEMA,NONE,10,"NMFS fall BTS",FALL,2016,7,.006,N,Y
172905,SNEMA,NONE,10,"NMFS fall BTS",FALL,2016,8,.0028,N,Y
172905,SNEMA,NONE,10,"NMFS fall BTS",FALL,2017,1,1.3484,N,N
172905,SNEMA,NONE,10,"NMFS fall BTS",FALL,2017,2,3.9392,N,N
172905,SNEMA,NONE,10,"NMFS fall BTS",FALL,2017,3,2.6797,N,N
172905,SNEMA,NONE,10,"NMFS fall BTS",FALL,2017,4,1.4512,N,N
172905,SNEMA,NONE,10,"NMFS fall BTS",FALL,2017,5,.1065,N,N
172905,SNEMA,NONE,10,"NMFS fall BTS",FALL,2018,0,.0001,N,Y
172905,SNEMA,NONE,10,"NMFS fall BTS",FALL,2018,1,1.2793,N,Y
172905,SNEMA,NONE,10,"NMFS fall BTS",FALL,2018,2,.5741,N,Y
172905,SNEMA,NONE,10,"NMFS fall BTS",FALL,2018,3,.1623,N,Y
172905,SNEMA,NONE,10,"NMFS fall BTS",FALL,2018,4,.1069,N,Y
172905,SNEMA,NONE,10,"NMFS fall BTS",FALL,2018,5,.0482,N,Y
172905,SNEMA,NONE,10,"NMFS fall BTS",FALL,2018,6,.0043,N,Y
172905,SNEMA,NONE,10,"NMFS fall BTS",FALL,2018,8,.0014,N,Y
172905,SNEMA,NONE,10,"NMFS fall BTS",FALL,2018,9,.0014,N,Y
172905,SNEMA,NONE,10,"NMFS fall BTS",FALL,2019,1,.1306,Y,Y
172905,SNEMA,NONE,10,"NMFS fall BTS",FALL,2019,2,.2152,Y,Y
172905,SNEMA,NONE,10,"NMFS fall BTS",FALL,2019,3,.0852,Y,Y
172905,SNEMA,NONE,10,"NMFS fall BTS",FALL,2019,4,.0395,Y,Y
172905,SNEMA,NONE,10,"NMFS fall BTS",FALL,2019,5,.0236,Y,Y
172905,SNEMA,NONE,10,"NMFS fall BTS",FALL,2019,6,.0119,Y,Y
172905,SNEMA,NONE,10,"NMFS fall BTS",FALL,2019,8,.0044,Y,Y
172905,SNEMA,NONE,10,"NMFS fall BTS",FALL,2020,,,,
172905,SNEMA,NONE,10,"NMFS fall BTS",FALL,2021,0,.0001,N,Y
172905,SNEMA,NONE,10,"NMFS fall BTS",FALL,2021,1,.1283,N,Y
172905,SNEMA,NONE,10,"NMFS fall BTS",FALL,2021,2,.1582,N,Y
172905,SNEMA,NONE,10,"NMFS fall BTS",FALL,2021,3,.1708,N,Y
172905,SNEMA,NONE,10,"NMFS fall BTS",FALL,2021,4,.1129,N,Y
172905,SNEMA,NONE,10,"NMFS fall BTS",FALL,2021,5,.0336,N,Y
172905,SNEMA,NONE,10,"NMFS fall BTS",FALL,2021,6,.0143,N,Y
172905,SNEMA,NONE,10,"NMFS fall BTS",FALL,2021,7,.0114,N,Y
172905,SNEMA,NONE,10,"NMFS fall BTS",FALL,2022,0,.0001,Y,Y
172905,SNEMA,NONE,10,"NMFS fall BTS",FALL,2022,1,.2446,Y,Y
172905,SNEMA,NONE,10,"NMFS fall BTS",FALL,2022,2,.1286,Y,Y
172905,SNEMA,NONE,10,"NMFS fall BTS",FALL,2022,3,.0964,Y,Y
172905,SNEMA,NONE,10,"NMFS fall BTS",FALL,2022,4,.1342,Y,Y
172905,SNEMA,NONE,10,"NMFS fall BTS",FALL,2022,5,.0941,Y,Y
172905,SNEMA,NONE,10,"NMFS fall BTS",FALL,2022,6,.0367,Y,Y
172905,SNEMA,NONE,10,"NMFS fall BTS",FALL,2022,7,.0188,Y,Y
172905,SNEMA,NONE,10,"NMFS fall BTS",FALL,2022,8,.0037,Y,Y
172905,SNEMA,NONE,10,"NMFS fall BTS",FALL,2022,9,.0024,Y,Y
172905,SNEMA,NONE,10,"NMFS fall BTS",FALL,2022,11,.0046,Y,Y
172905,SNEMA,NONE,10,"NMFS fall BTS",FALL,2022,13,.0005,Y,Y
172905,SNEMA,NONE,10,"NMFS fall BTS",FALL,2023,1,.2493,N,Y
172905,SNEMA,NONE,10,"NMFS fall BTS",FALL,2023,2,.1212,N,Y
172905,SNEMA,NONE,10,"NMFS fall BTS",FALL,2023,3,.0718,N,Y
172905,SNEMA,NONE,10,"NMFS fall BTS",FALL,2023,4,.0343,N,Y
172905,SNEMA,NONE,10,"NMFS fall BTS",FALL,2023,5,.0273,N,Y
172905,SNEMA,NONE,10,"NMFS fall BTS",FALL,2023,6,.0162,N,Y
172905,SNEMA,NONE,10,"NMFS fall BTS",FALL,2023,7,.0048,N,Y
172905,SNEMA,NONE,10,"NMFS fall BTS",FALL,2023,8,.0033,N,Y
172905,SNEMA,NONE,10,"NMFS fall BTS",FALL,2023,9,.0016,N,Y
172905,SNEMA,NONE,10,"NMFS fall BTS",FALL,2023,10,.0035,N,Y
172905,SNEMA,NONE,10,"NMFS fall BTS",FALL,2024,1,.3677,N,Y
172905,SNEMA,NONE,10,"NMFS fall BTS",FALL,2024,2,.1602,N,Y
172905,SNEMA,NONE,10,"NMFS fall BTS",FALL,2024,3,.051,N,Y
172905,SNEMA,NONE,10,"NMFS fall BTS",FALL,2024,4,.0231,N,Y
172905,SNEMA,NONE,10,"NMFS fall BTS",FALL,2024,5,.0071,N,Y
172905,SNEMA,NONE,10,"NMFS fall BTS",FALL,2024,6,.004,N,Y
172905,SNEMA,NONE,10,"NMFS fall BTS",FALL,2024,7,.0025,N,Y
172905,SNEMA,NONE,10,"NMFS fall BTS",FALL,2024,10,.0054,N,Y
172905,SNEMA,NONE,10,"NMFS spring BTS",SPRING,1976,0,.0496,N,N
172905,SNEMA,NONE,10,"NMFS spring BTS",SPRING,1976,1,.1438,N,N
172905,SNEMA,NONE,10,"NMFS spring BTS",SPRING,1976,2,.4032,N,N
172905,SNEMA,NONE,10,"NMFS spring BTS",SPRING,1976,3,.4171,N,N
172905,SNEMA,NONE,10,"NMFS spring BTS",SPRING,1976,4,.1217,N,N
172905,SNEMA,NONE,10,"NMFS spring BTS",SPRING,1976,5,.0603,N,N
172905,SNEMA,NONE,10,"NMFS spring BTS",SPRING,1976,7,.0065,N,N
172905,SNEMA,NONE,10,"NMFS spring BTS",SPRING,1977,2,.3676,N,N
172905,SNEMA,NONE,10,"NMFS spring BTS",SPRING,1977,3,.4858,N,N
172905,SNEMA,NONE,10,"NMFS spring BTS",SPRING,1977,4,.1614,N,N
172905,SNEMA,NONE,10,"NMFS spring BTS",SPRING,1977,5,.0103,N,N
172905,SNEMA,NONE,10,"NMFS spring BTS",SPRING,1977,6,.0142,N,N
172905,SNEMA,NONE,10,"NMFS spring BTS",SPRING,1977,8,.0129,N,N
172905,SNEMA,NONE,10,"NMFS spring BTS",SPRING,1977,10,.0142,N,N
172905,SNEMA,NONE,10,"NMFS spring BTS",SPRING,1978,,,,
172905,SNEMA,NONE,10,"NMFS spring BTS",SPRING,1979,,,,
172905,SNEMA,NONE,10,"NMFS spring BTS",SPRING,1980,1,.755,N,N
172905,SNEMA,NONE,10,"NMFS spring BTS",SPRING,1980,2,4.5588,N,N
172905,SNEMA,NONE,10,"NMFS spring BTS",SPRING,1980,3,2.0195,N,N
172905,SNEMA,NONE,10,"NMFS spring BTS",SPRING,1980,4,.2073,N,N
172905,SNEMA,NONE,10,"NMFS spring BTS",SPRING,1980,5,.0617,N,N
172905,SNEMA,NONE,10,"NMFS spring BTS",SPRING,1980,6,.0077,N,N
172905,SNEMA,NONE,10,"NMFS spring BTS",SPRING,1981,1,.6986,N,N
172905,SNEMA,NONE,10,"NMFS spring BTS",SPRING,1981,2,4.2775,N,N
172905,SNEMA,NONE,10,"NMFS spring BTS",SPRING,1981,3,3.8911,N,N
172905,SNEMA,NONE,10,"NMFS spring BTS",SPRING,1981,4,.4519,N,N
172905,SNEMA,NONE,10,"NMFS spring BTS",SPRING,1981,5,.0983,N,N
172905,SNEMA,NONE,10,"NMFS spring BTS",SPRING,1981,6,.0072,N,N
172905,SNEMA,NONE,10,"NMFS spring BTS",SPRING,1981,7,.0111,N,N
172905,SNEMA,NONE,10,"NMFS spring BTS",SPRING,1982,1,1.1105,N,N
172905,SNEMA,NONE,10,"NMFS spring BTS",SPRING,1982,2,2.5032,N,N
172905,SNEMA,NONE,10,"NMFS spring BTS",SPRING,1982,3,1.15,N,N
172905,SNEMA,NONE,10,"NMFS spring BTS",SPRING,1982,4,.3476,N,N
172905,SNEMA,NONE,10,"NMFS spring BTS",SPRING,1982,5,.1169,N,N
172905,SNEMA,NONE,10,"NMFS spring BTS",SPRING,1982,6,.0324,N,N
172905,SNEMA,NONE,10,"NMFS spring BTS",SPRING,1982,7,.0234,N,N
172905,SNEMA,NONE,10,"NMFS spring BTS",SPRING,1983,1,.3997,N,Y
172905,SNEMA,NONE,10,"NMFS spring BTS",SPRING,1983,2,.735,N,Y
172905,SNEMA,NONE,10,"NMFS spring BTS",SPRING,1983,3,1.8013,N,Y
172905,SNEMA,NONE,10,"NMFS spring BTS",SPRING,1983,4,.8713,N,Y
172905,SNEMA,NONE,10,"NMFS spring BTS",SPRING,1983,5,.5843,N,Y
172905,SNEMA,NONE,10,"NMFS spring BTS",SPRING,1983,6,.2988,N,Y
172905,SNEMA,NONE,10,"NMFS spring BTS",SPRING,1983,7,.0417,N,Y
172905,SNEMA,NONE,10,"NMFS spring BTS",SPRING,1983,8,.0641,N,Y
172905,SNEMA,NONE,10,"NMFS spring BTS",SPRING,1984,1,.1473,N,Y
172905,SNEMA,NONE,10,"NMFS spring BTS",SPRING,1984,2,1.4139,N,Y
172905,SNEMA,NONE,10,"NMFS spring BTS",SPRING,1984,3,1.4575,N,Y
172905,SNEMA,NONE,10,"NMFS spring BTS",SPRING,1984,4,.5247,N,Y
172905,SNEMA,NONE,10,"NMFS spring BTS",SPRING,1984,5,.2536,N,Y
172905,SNEMA,NONE,10,"NMFS spring BTS",SPRING,1984,6,.1467,N,Y
172905,SNEMA,NONE,10,"NMFS spring BTS",SPRING,1984,7,.0489,N,Y
172905,SNEMA,NONE,10,"NMFS spring BTS",SPRING,1984,8,.0134,N,Y
172905,SNEMA,NONE,10,"NMFS spring BTS",SPRING,1984,9,.0021,N,Y
172905,SNEMA,NONE,10,"NMFS spring BTS",SPRING,1984,10,.0064,N,Y
172905,SNEMA,NONE,10,"NMFS spring BTS",SPRING,1984,11,.0127,N,Y
172905,SNEMA,NONE,10,"NMFS spring BTS",SPRING,1984,12,.0064,N,Y
172905,SNEMA,NONE,10,"NMFS spring BTS",SPRING,1985,1,.4236,N,Y
172905,SNEMA,NONE,10,"NMFS spring BTS",SPRING,1985,2,1.2342,N,Y
172905,SNEMA,NONE,10,"NMFS spring BTS",SPRING,1985,3,2.0736,N,Y
172905,SNEMA,NONE,10,"NMFS spring BTS",SPRING,1985,4,.4798,N,Y
172905,SNEMA,NONE,10,"NMFS spring BTS",SPRING,1985,5,.2311,N,Y
172905,SNEMA,NONE,10,"NMFS spring BTS",SPRING,1985,6,.1931,N,Y
172905,SNEMA,NONE,10,"NMFS spring BTS",SPRING,1985,7,.11,N,Y
172905,SNEMA,NONE,10,"NMFS spring BTS",SPRING,1985,8,.027,N,Y
172905,SNEMA,NONE,10,"NMFS spring BTS",SPRING,1985,15,.0114,N,Y
172905,SNEMA,NONE,10,"NMFS spring BTS",SPRING,1986,1,.0779,Y,N
172905,SNEMA,NONE,10,"NMFS spring BTS",SPRING,1986,2,.3823,Y,N
172905,SNEMA,NONE,10,"NMFS spring BTS",SPRING,1986,3,1.1868,Y,N
172905,SNEMA,NONE,10,"NMFS spring BTS",SPRING,1986,4,.2866,Y,N
172905,SNEMA,NONE,10,"NMFS spring BTS",SPRING,1986,5,.1444,Y,N
172905,SNEMA,NONE,10,"NMFS spring BTS",SPRING,1986,6,.0469,Y,N
172905,SNEMA,NONE,10,"NMFS spring BTS",SPRING,1986,7,.0131,Y,N
172905,SNEMA,NONE,10,"NMFS spring BTS",SPRING,1986,8,.0044,Y,N
172905,SNEMA,NONE,10,"NMFS spring BTS",SPRING,1986,9,.0044,Y,N
172905,SNEMA,NONE,10,"NMFS spring BTS",SPRING,1986,10,.0044,Y,N
172905,SNEMA,NONE,10,"NMFS spring BTS",SPRING,1987,1,.169,N,N
172905,SNEMA,NONE,10,"NMFS spring BTS",SPRING,1987,2,.5044,N,N
172905,SNEMA,NONE,10,"NMFS spring BTS",SPRING,1987,3,.6246,N,N
172905,SNEMA,NONE,10,"NMFS spring BTS",SPRING,1987,4,.2303,N,N
172905,SNEMA,NONE,10,"NMFS spring BTS",SPRING,1987,5,.0319,N,N
172905,SNEMA,NONE,10,"NMFS spring BTS",SPRING,1987,6,.0014,N,N
172905,SNEMA,NONE,10,"NMFS spring BTS",SPRING,1987,8,.0181,N,N
172905,SNEMA,NONE,10,"NMFS spring BTS",SPRING,1987,9,.0137,N,N
172905,SNEMA,NONE,10,"NMFS spring BTS",SPRING,1988,1,.0693,N,N
172905,SNEMA,NONE,10,"NMFS spring BTS",SPRING,1988,2,.4059,N,N
172905,SNEMA,NONE,10,"NMFS spring BTS",SPRING,1988,3,.9629,N,N
172905,SNEMA,NONE,10,"NMFS spring BTS",SPRING,1988,4,.3492,N,N
172905,SNEMA,NONE,10,"NMFS spring BTS",SPRING,1988,5,.1387,N,N
172905,SNEMA,NONE,10,"NMFS spring BTS",SPRING,1988,6,.0435,N,N
172905,SNEMA,NONE,10,"NMFS spring BTS",SPRING,1988,7,.0112,N,N
172905,SNEMA,NONE,10,"NMFS spring BTS",SPRING,1989,1,.0538,N,N
172905,SNEMA,NONE,10,"NMFS spring BTS",SPRING,1989,2,.6788,N,N
172905,SNEMA,NONE,10,"NMFS spring BTS",SPRING,1989,3,.8723,N,N
172905,SNEMA,NONE,10,"NMFS spring BTS",SPRING,1989,4,.2688,N,N
172905,SNEMA,NONE,10,"NMFS spring BTS",SPRING,1989,5,.1073,N,N
172905,SNEMA,NONE,10,"NMFS spring BTS",SPRING,1989,6,.0019,N,N
172905,SNEMA,NONE,10,"NMFS spring BTS",SPRING,1989,7,.0087,N,N
172905,SNEMA,NONE,10,"NMFS spring BTS",SPRING,1990,1,.24,N,Y
172905,SNEMA,NONE,10,"NMFS spring BTS",SPRING,1990,2,.5005,N,Y
172905,SNEMA,NONE,10,"NMFS spring BTS",SPRING,1990,3,1.0623,N,Y
172905,SNEMA,NONE,10,"NMFS spring BTS",SPRING,1990,4,.2844,N,Y
172905,SNEMA,NONE,10,"NMFS spring BTS",SPRING,1990,5,.0639,N,Y
172905,SNEMA,NONE,10,"NMFS spring BTS",SPRING,1990,6,.018,N,Y
172905,SNEMA,NONE,10,"NMFS spring BTS",SPRING,1991,1,.1061,Y,N
172905,SNEMA,NONE,10,"NMFS spring BTS",SPRING,1991,2,.5283,Y,N
172905,SNEMA,NONE,10,"NMFS spring BTS",SPRING,1991,3,1.2002,Y,N
172905,SNEMA,NONE,10,"NMFS spring BTS",SPRING,1991,4,.4099,Y,N
172905,SNEMA,NONE,10,"NMFS spring BTS",SPRING,1991,5,.0525,Y,N
172905,SNEMA,NONE,10,"NMFS spring BTS",SPRING,1991,6,.0132,Y,N
172905,SNEMA,NONE,10,"NMFS spring BTS",SPRING,1991,7,.0207,Y,N
172905,SNEMA,NONE,10,"NMFS spring BTS",SPRING,1991,8,.0083,Y,N
172905,SNEMA,NONE,10,"NMFS spring BTS",SPRING,1992,1,.1656,N,Y
172905,SNEMA,NONE,10,"NMFS spring BTS",SPRING,1992,2,.2943,N,Y
172905,SNEMA,NONE,10,"NMFS spring BTS",SPRING,1992,3,.6532,N,Y
172905,SNEMA,NONE,10,"NMFS spring BTS",SPRING,1992,4,.3439,N,Y
172905,SNEMA,NONE,10,"NMFS spring BTS",SPRING,1992,5,.0513,N,Y
172905,SNEMA,NONE,10,"NMFS spring BTS",SPRING,1992,6,.01,N,Y
172905,SNEMA,NONE,10,"NMFS spring BTS",SPRING,1993,1,.1432,Y,Y
172905,SNEMA,NONE,10,"NMFS spring BTS",SPRING,1993,2,.4005,Y,Y
172905,SNEMA,NONE,10,"NMFS spring BTS",SPRING,1993,3,.2252,Y,Y
172905,SNEMA,NONE,10,"NMFS spring BTS",SPRING,1993,4,.1167,Y,Y
172905,SNEMA,NONE,10,"NMFS spring BTS",SPRING,1993,5,.0455,Y,Y
172905,SNEMA,NONE,10,"NMFS spring BTS",SPRING,1993,6,.0051,Y,Y
172905,SNEMA,NONE,10,"NMFS spring BTS",SPRING,1993,7,.0058,Y,Y
172905,SNEMA,NONE,10,"NMFS spring BTS",SPRING,1993,8,.0026,Y,Y
172905,SNEMA,NONE,10,"NMFS spring BTS",SPRING,1993,10,.0026,Y,Y
172905,SNEMA,NONE,10,"NMFS spring BTS",SPRING,1994,1,.2022,Y,Y
172905,SNEMA,NONE,10,"NMFS spring BTS",SPRING,1994,2,.7963,Y,Y
172905,SNEMA,NONE,10,"NMFS spring BTS",SPRING,1994,3,.4601,Y,Y
172905,SNEMA,NONE,10,"NMFS spring BTS",SPRING,1994,4,.1011,Y,Y
172905,SNEMA,NONE,10,"NMFS spring BTS",SPRING,1994,5,.0181,Y,Y
172905,SNEMA,NONE,10,"NMFS spring BTS",SPRING,1994,6,.0178,Y,Y
172905,SNEMA,NONE,10,"NMFS spring BTS",SPRING,1994,7,.0081,Y,Y
172905,SNEMA,NONE,10,"NMFS spring BTS",SPRING,1994,9,.0058,Y,Y
172905,SNEMA,NONE,10,"NMFS spring BTS",SPRING,1995,1,.1662,N,Y
172905,SNEMA,NONE,10,"NMFS spring BTS",SPRING,1995,2,.8388,N,Y
172905,SNEMA,NONE,10,"NMFS spring BTS",SPRING,1995,3,.8527,N,Y
172905,SNEMA,NONE,10,"NMFS spring BTS",SPRING,1995,4,.2053,N,Y
172905,SNEMA,NONE,10,"NMFS spring BTS",SPRING,1995,5,.0201,N,Y
172905,SNEMA,NONE,10,"NMFS spring BTS",SPRING,1995,6,.0031,N,Y
172905,SNEMA,NONE,10,"NMFS spring BTS",SPRING,1995,7,.0058,N,Y
172905,SNEMA,NONE,10,"NMFS spring BTS",SPRING,1996,1,.0771,Y,N
172905,SNEMA,NONE,10,"NMFS spring BTS",SPRING,1996,2,.4957,Y,N
172905,SNEMA,NONE,10,"NMFS spring BTS",SPRING,1996,3,.769,Y,N
172905,SNEMA,NONE,10,"NMFS spring BTS",SPRING,1996,4,.1724,Y,N
172905,SNEMA,NONE,10,"NMFS spring BTS",SPRING,1996,5,.074,Y,N
172905,SNEMA,NONE,10,"NMFS spring BTS",SPRING,1996,6,.0146,Y,N
172905,SNEMA,NONE,10,"NMFS spring BTS",SPRING,1997,1,.1285,Y,N
172905,SNEMA,NONE,10,"NMFS spring BTS",SPRING,1997,2,.4484,Y,N
172905,SNEMA,NONE,10,"NMFS spring BTS",SPRING,1997,3,.6716,Y,N
172905,SNEMA,NONE,10,"NMFS spring BTS",SPRING,1997,4,.1844,Y,N
172905,SNEMA,NONE,10,"NMFS spring BTS",SPRING,1997,5,.0676,Y,N
172905,SNEMA,NONE,10,"NMFS spring BTS",SPRING,1997,6,.0078,Y,N
172905,SNEMA,NONE,10,"NMFS spring BTS",SPRING,1998,1,.2982,Y,N
172905,SNEMA,NONE,10,"NMFS spring BTS",SPRING,1998,2,1.2639,Y,N
172905,SNEMA,NONE,10,"NMFS spring BTS",SPRING,1998,3,.5997,Y,N
172905,SNEMA,NONE,10,"NMFS spring BTS",SPRING,1998,4,.3614,Y,N
172905,SNEMA,NONE,10,"NMFS spring BTS",SPRING,1998,5,.1102,Y,N
172905,SNEMA,NONE,10,"NMFS spring BTS",SPRING,1998,6,.0103,Y,N
172905,SNEMA,NONE,10,"NMFS spring BTS",SPRING,1999,1,.4293,N,N
172905,SNEMA,NONE,10,"NMFS spring BTS",SPRING,1999,2,1.9703,N,N
172905,SNEMA,NONE,10,"NMFS spring BTS",SPRING,1999,3,1.3513,N,N
172905,SNEMA,NONE,10,"NMFS spring BTS",SPRING,1999,4,.3689,N,N
172905,SNEMA,NONE,10,"NMFS spring BTS",SPRING,1999,5,.0917,N,N
172905,SNEMA,NONE,10,"NMFS spring BTS",SPRING,1999,6,.0393,N,N
172905,SNEMA,NONE,10,"NMFS spring BTS",SPRING,1999,7,.0196,N,N
172905,SNEMA,NONE,10,"NMFS spring BTS",SPRING,2000,1,.2973,Y,Y
172905,SNEMA,NONE,10,"NMFS spring BTS",SPRING,2000,2,.7871,Y,Y
172905,SNEMA,NONE,10,"NMFS spring BTS",SPRING,2000,3,1.1721,Y,Y
172905,SNEMA,NONE,10,"NMFS spring BTS",SPRING,2000,4,.7244,Y,Y
172905,SNEMA,NONE,10,"NMFS spring BTS",SPRING,2000,5,.2357,Y,Y
172905,SNEMA,NONE,10,"NMFS spring BTS",SPRING,2000,6,.0873,Y,Y
172905,SNEMA,NONE,10,"NMFS spring BTS",SPRING,2000,7,.0206,Y,Y
172905,SNEMA,NONE,10,"NMFS spring BTS",SPRING,2000,8,.0014,Y,Y
172905,SNEMA,NONE,10,"NMFS spring BTS",SPRING,2001,1,.1997,Y,N
172905,SNEMA,NONE,10,"NMFS spring BTS",SPRING,2001,2,.3003,Y,N
172905,SNEMA,NONE,10,"NMFS spring BTS",SPRING,2001,3,.523,Y,N
172905,SNEMA,NONE,10,"NMFS spring BTS",SPRING,2001,4,.445,Y,N
172905,SNEMA,NONE,10,"NMFS spring BTS",SPRING,2001,5,.1943,Y,N
172905,SNEMA,NONE,10,"NMFS spring BTS",SPRING,2001,6,.0227,Y,N
172905,SNEMA,NONE,10,"NMFS spring BTS",SPRING,2001,7,.0044,Y,N
172905,SNEMA,NONE,10,"NMFS spring BTS",SPRING,2002,1,.0459,N,Y
172905,SNEMA,NONE,10,"NMFS spring BTS",SPRING,2002,2,.612,N,Y
172905,SNEMA,NONE,10,"NMFS spring BTS",SPRING,2002,3,.5095,N,Y
172905,SNEMA,NONE,10,"NMFS spring BTS",SPRING,2002,4,.2826,N,Y
172905,SNEMA,NONE,10,"NMFS spring BTS",SPRING,2002,5,.2127,N,Y
172905,SNEMA,NONE,10,"NMFS spring BTS",SPRING,2002,6,.0995,N,Y
172905,SNEMA,NONE,10,"NMFS spring BTS",SPRING,2002,7,.0412,N,Y
172905,SNEMA,NONE,10,"NMFS spring BTS",SPRING,2003,1,.1167,Y,Y
172905,SNEMA,NONE,10,"NMFS spring BTS",SPRING,2003,2,.0864,Y,Y
172905,SNEMA,NONE,10,"NMFS spring BTS",SPRING,2003,3,.3312,Y,Y
172905,SNEMA,NONE,10,"NMFS spring BTS",SPRING,2003,4,.0989,Y,Y
172905,SNEMA,NONE,10,"NMFS spring BTS",SPRING,2003,5,.0571,Y,Y
172905,SNEMA,NONE,10,"NMFS spring BTS",SPRING,2003,6,.0402,Y,Y
172905,SNEMA,NONE,10,"NMFS spring BTS",SPRING,2003,7,.007,Y,Y
172905,SNEMA,NONE,10,"NMFS spring BTS",SPRING,2003,8,.004,Y,Y
172905,SNEMA,NONE,10,"NMFS spring BTS",SPRING,2003,9,.0051,Y,Y
172905,SNEMA,NONE,10,"NMFS spring BTS",SPRING,2004,1,.3095,Y,N
172905,SNEMA,NONE,10,"NMFS spring BTS",SPRING,2004,2,.1823,Y,N
172905,SNEMA,NONE,10,"NMFS spring BTS",SPRING,2004,3,.1761,Y,N
172905,SNEMA,NONE,10,"NMFS spring BTS",SPRING,2004,4,.3117,Y,N
172905,SNEMA,NONE,10,"NMFS spring BTS",SPRING,2004,5,.1196,Y,N
172905,SNEMA,NONE,10,"NMFS spring BTS",SPRING,2004,6,.034,Y,N
172905,SNEMA,NONE,10,"NMFS spring BTS",SPRING,2004,7,.0297,Y,N
172905,SNEMA,NONE,10,"NMFS spring BTS",SPRING,2004,8,.0086,Y,N
172905,SNEMA,NONE,10,"NMFS spring BTS",SPRING,2004,9,.0084,Y,N
172905,SNEMA,NONE,10,"NMFS spring BTS",SPRING,2005,1,.0925,Y,Y
172905,SNEMA,NONE,10,"NMFS spring BTS",SPRING,2005,2,.5252,Y,Y
172905,SNEMA,NONE,10,"NMFS spring BTS",SPRING,2005,3,.1078,Y,Y
172905,SNEMA,NONE,10,"NMFS spring BTS",SPRING,2005,4,.1957,Y,Y
172905,SNEMA,NONE,10,"NMFS spring BTS",SPRING,2005,5,.0581,Y,Y
172905,SNEMA,NONE,10,"NMFS spring BTS",SPRING,2005,6,.0286,Y,Y
172905,SNEMA,NONE,10,"NMFS spring BTS",SPRING,2005,7,.0116,Y,Y
172905,SNEMA,NONE,10,"NMFS spring BTS",SPRING,2006,1,.3299,Y,Y
172905,SNEMA,NONE,10,"NMFS spring BTS",SPRING,2006,2,.7273,Y,Y
172905,SNEMA,NONE,10,"NMFS spring BTS",SPRING,2006,3,.6017,Y,Y
172905,SNEMA,NONE,10,"NMFS spring BTS",SPRING,2006,4,.1512,Y,Y
172905,SNEMA,NONE,10,"NMFS spring BTS",SPRING,2006,5,.0803,Y,Y
172905,SNEMA,NONE,10,"NMFS spring BTS",SPRING,2006,6,.0272,Y,Y
172905,SNEMA,NONE,10,"NMFS spring BTS",SPRING,2007,1,.0564,Y,Y
172905,SNEMA,NONE,10,"NMFS spring BTS",SPRING,2007,2,.1733,Y,Y
172905,SNEMA,NONE,10,"NMFS spring BTS",SPRING,2007,3,.3357,Y,Y
172905,SNEMA,NONE,10,"NMFS spring BTS",SPRING,2007,4,.2119,Y,Y
172905,SNEMA,NONE,10,"NMFS spring BTS",SPRING,2007,5,.0492,Y,Y
172905,SNEMA,NONE,10,"NMFS spring BTS",SPRING,2007,6,.016,Y,Y
172905,SNEMA,NONE,10,"NMFS spring BTS",SPRING,2007,7,.0136,Y,Y
172905,SNEMA,NONE,10,"NMFS spring BTS",SPRING,2007,8,.0152,Y,Y
172905,SNEMA,NONE,10,"NMFS spring BTS",SPRING,2008,1,.179,N,Y
172905,SNEMA,NONE,10,"NMFS spring BTS",SPRING,2008,2,.5517,N,Y
172905,SNEMA,NONE,10,"NMFS spring BTS",SPRING,2008,3,.3649,N,Y
172905,SNEMA,NONE,10,"NMFS spring BTS",SPRING,2008,4,.1795,N,Y
172905,SNEMA,NONE,10,"NMFS spring BTS",SPRING,2008,5,.04,N,Y
172905,SNEMA,NONE,10,"NMFS spring BTS",SPRING,2008,6,.0137,N,Y
172905,SNEMA,NONE,10,"NMFS spring BTS",SPRING,2008,7,.0014,N,Y
172905,SNEMA,NONE,10,"NMFS spring BTS",SPRING,2009,1,.0754,N,Y
172905,SNEMA,NONE,10,"NMFS spring BTS",SPRING,2009,2,.2676,N,Y
172905,SNEMA,NONE,10,"NMFS spring BTS",SPRING,2009,3,.3525,N,Y
172905,SNEMA,NONE,10,"NMFS spring BTS",SPRING,2009,4,.1881,N,Y
172905,SNEMA,NONE,10,"NMFS spring BTS",SPRING,2009,5,.2087,N,Y
172905,SNEMA,NONE,10,"NMFS spring BTS",SPRING,2009,6,.0602,N,Y
172905,SNEMA,NONE,10,"NMFS spring BTS",SPRING,2009,7,.004,N,Y
172905,SNEMA,NONE,10,"NMFS spring BTS",SPRING,2009,8,.0087,N,Y
172905,SNEMA,NONE,10,"NMFS spring BTS",SPRING,2010,1,.2596,Y,Y
172905,SNEMA,NONE,10,"NMFS spring BTS",SPRING,2010,2,.3041,Y,Y
172905,SNEMA,NONE,10,"NMFS spring BTS",SPRING,2010,3,.3717,Y,Y
172905,SNEMA,NONE,10,"NMFS spring BTS",SPRING,2010,4,.1682,Y,Y
172905,SNEMA,NONE,10,"NMFS spring BTS",SPRING,2010,5,.0838,Y,Y
172905,SNEMA,NONE,10,"NMFS spring BTS",SPRING,2010,6,.0294,Y,Y
172905,SNEMA,NONE,10,"NMFS spring BTS",SPRING,2010,7,.0003,Y,Y
172905,SNEMA,NONE,10,"NMFS spring BTS",SPRING,2010,8,.0039,Y,Y
172905,SNEMA,NONE,10,"NMFS spring BTS",SPRING,2011,1,.0661,Y,Y
172905,SNEMA,NONE,10,"NMFS spring BTS",SPRING,2011,2,.1236,Y,Y
172905,SNEMA,NONE,10,"NMFS spring BTS",SPRING,2011,3,.3194,Y,Y
172905,SNEMA,NONE,10,"NMFS spring BTS",SPRING,2011,4,.1526,Y,Y
172905,SNEMA,NONE,10,"NMFS spring BTS",SPRING,2011,5,.0628,Y,Y
172905,SNEMA,NONE,10,"NMFS spring BTS",SPRING,2011,6,.0376,Y,Y
172905,SNEMA,NONE,10,"NMFS spring BTS",SPRING,2011,7,.0113,Y,Y
172905,SNEMA,NONE,10,"NMFS spring BTS",SPRING,2011,8,.0003,Y,Y
172905,SNEMA,NONE,10,"NMFS spring BTS",SPRING,2011,10,.0002,Y,Y
172905,SNEMA,NONE,10,"NMFS spring BTS",SPRING,2012,1,.0732,Y,Y
172905,SNEMA,NONE,10,"NMFS spring BTS",SPRING,2012,2,.2767,Y,Y
172905,SNEMA,NONE,10,"NMFS spring BTS",SPRING,2012,3,.4911,Y,Y
172905,SNEMA,NONE,10,"NMFS spring BTS",SPRING,2012,4,.2646,Y,Y
172905,SNEMA,NONE,10,"NMFS spring BTS",SPRING,2012,5,.152,Y,Y
172905,SNEMA,NONE,10,"NMFS spring BTS",SPRING,2012,6,.0784,Y,Y
172905,SNEMA,NONE,10,"NMFS spring BTS",SPRING,2012,7,.0259,Y,Y
172905,SNEMA,NONE,10,"NMFS spring BTS",SPRING,2012,8,.0065,Y,Y
172905,SNEMA,NONE,10,"NMFS spring BTS",SPRING,2012,9,.0003,Y,Y
172905,SNEMA,NONE,10,"NMFS spring BTS",SPRING,2012,10,.0042,Y,Y
172905,SNEMA,NONE,10,"NMFS spring BTS",SPRING,2012,11,.0003,Y,Y
172905,SNEMA,NONE,10,"NMFS spring BTS",SPRING,2013,1,.0272,N,Y
172905,SNEMA,NONE,10,"NMFS spring BTS",SPRING,2013,2,.1518,N,Y
172905,SNEMA,NONE,10,"NMFS spring BTS",SPRING,2013,3,.1363,N,Y
172905,SNEMA,NONE,10,"NMFS spring BTS",SPRING,2013,4,.1337,N,Y
172905,SNEMA,NONE,10,"NMFS spring BTS",SPRING,2013,5,.0643,N,Y
172905,SNEMA,NONE,10,"NMFS spring BTS",SPRING,2013,6,.0325,N,Y
172905,SNEMA,NONE,10,"NMFS spring BTS",SPRING,2013,7,.0184,N,Y
172905,SNEMA,NONE,10,"NMFS spring BTS",SPRING,2013,8,.0073,N,Y
172905,SNEMA,NONE,10,"NMFS spring BTS",SPRING,2013,9,.0043,N,Y
172905,SNEMA,NONE,10,"NMFS spring BTS",SPRING,2014,1,.1907,Y,Y
172905,SNEMA,NONE,10,"NMFS spring BTS",SPRING,2014,2,.1026,Y,Y
172905,SNEMA,NONE,10,"NMFS spring BTS",SPRING,2014,3,.1628,Y,Y
172905,SNEMA,NONE,10,"NMFS spring BTS",SPRING,2014,4,.0973,Y,Y
172905,SNEMA,NONE,10,"NMFS spring BTS",SPRING,2014,5,.076,Y,Y
172905,SNEMA,NONE,10,"NMFS spring BTS",SPRING,2014,6,.0484,Y,Y
172905,SNEMA,NONE,10,"NMFS spring BTS",SPRING,2014,7,.0169,Y,Y
172905,SNEMA,NONE,10,"NMFS spring BTS",SPRING,2014,8,.0045,Y,Y
172905,SNEMA,NONE,10,"NMFS spring BTS",SPRING,2014,9,.0046,Y,Y
172905,SNEMA,NONE,10,"NMFS spring BTS",SPRING,2014,10,.0027,Y,Y
172905,SNEMA,NONE,10,"NMFS spring BTS",SPRING,2014,11,.0044,Y,Y
172905,SNEMA,NONE,10,"NMFS spring BTS",SPRING,2015,1,.1405,N,Y
172905,SNEMA,NONE,10,"NMFS spring BTS",SPRING,2015,2,.1163,N,Y
172905,SNEMA,NONE,10,"NMFS spring BTS",SPRING,2015,3,.0836,N,Y
172905,SNEMA,NONE,10,"NMFS spring BTS",SPRING,2015,4,.0482,N,Y
172905,SNEMA,NONE,10,"NMFS spring BTS",SPRING,2015,5,.0365,N,Y
172905,SNEMA,NONE,10,"NMFS spring BTS",SPRING,2015,6,.0184,N,Y
172905,SNEMA,NONE,10,"NMFS spring BTS",SPRING,2015,7,.0117,N,Y
172905,SNEMA,NONE,10,"NMFS spring BTS",SPRING,2015,8,.014,N,Y
172905,SNEMA,NONE,10,"NMFS spring BTS",SPRING,2015,9,.0098,N,Y
172905,SNEMA,NONE,10,"NMFS spring BTS",SPRING,2015,10,.0034,N,Y
172905,SNEMA,NONE,10,"NMFS spring BTS",SPRING,2015,11,.0023,N,Y
172905,SNEMA,NONE,10,"NMFS spring BTS",SPRING,2015,12,.0023,N,Y
172905,SNEMA,NONE,10,"NMFS spring BTS",SPRING,2016,1,.4182,N,Y
172905,SNEMA,NONE,10,"NMFS spring BTS",SPRING,2016,2,1.0049,N,Y
172905,SNEMA,NONE,10,"NMFS spring BTS",SPRING,2016,3,.4741,N,Y
172905,SNEMA,NONE,10,"NMFS spring BTS",SPRING,2016,4,.0603,N,Y
172905,SNEMA,NONE,10,"NMFS spring BTS",SPRING,2016,5,.0901,N,Y
172905,SNEMA,NONE,10,"NMFS spring BTS",SPRING,2016,6,.04,N,Y
172905,SNEMA,NONE,10,"NMFS spring BTS",SPRING,2016,7,.0392,N,Y
172905,SNEMA,NONE,10,"NMFS spring BTS",SPRING,2016,8,.0193,N,Y
172905,SNEMA,NONE,10,"NMFS spring BTS",SPRING,2016,9,.0059,N,Y
172905,SNEMA,NONE,10,"NMFS spring BTS",SPRING,2016,12,.0038,N,Y
172905,SNEMA,NONE,10,"NMFS spring BTS",SPRING,2017,1,.2037,N,Y
172905,SNEMA,NONE,10,"NMFS spring BTS",SPRING,2017,2,.6714,N,Y
172905,SNEMA,NONE,10,"NMFS spring BTS",SPRING,2017,3,.207,N,Y
172905,SNEMA,NONE,10,"NMFS spring BTS",SPRING,2017,4,.1603,N,Y
172905,SNEMA,NONE,10,"NMFS spring BTS",SPRING,2017,5,.0186,N,Y
172905,SNEMA,NONE,10,"NMFS spring BTS",SPRING,2017,6,.0243,N,Y
172905,SNEMA,NONE,10,"NMFS spring BTS",SPRING,2017,7,.0179,N,Y
172905,SNEMA,NONE,10,"NMFS spring BTS",SPRING,2017,8,.003,N,Y
172905,SNEMA,NONE,10,"NMFS spring BTS",SPRING,2017,9,.0094,N,Y
172905,SNEMA,NONE,10,"NMFS spring BTS",SPRING,2018,1,.1017,N,Y
172905,SNEMA,NONE,10,"NMFS spring BTS",SPRING,2018,2,.1037,N,Y
172905,SNEMA,NONE,10,"NMFS spring BTS",SPRING,2018,3,.3306,N,Y
172905,SNEMA,NONE,10,"NMFS spring BTS",SPRING,2018,4,.1091,N,Y
172905,SNEMA,NONE,10,"NMFS spring BTS",SPRING,2018,5,.0802,N,Y
172905,SNEMA,NONE,10,"NMFS spring BTS",SPRING,2018,6,.0111,N,Y
172905,SNEMA,NONE,10,"NMFS spring BTS",SPRING,2018,7,.0183,N,Y
172905,SNEMA,NONE,10,"NMFS spring BTS",SPRING,2018,8,.0126,N,Y
172905,SNEMA,NONE,10,"NMFS spring BTS",SPRING,2018,9,.0013,N,Y
172905,SNEMA,NONE,10,"NMFS spring BTS",SPRING,2018,10,.0067,N,Y
172905,SNEMA,NONE,10,"NMFS spring BTS",SPRING,2019,1,.0164,N,Y
172905,SNEMA,NONE,10,"NMFS spring BTS",SPRING,2019,2,.101,N,Y
172905,SNEMA,NONE,10,"NMFS spring BTS",SPRING,2019,3,.0354,N,Y
172905,SNEMA,NONE,10,"NMFS spring BTS",SPRING,2019,4,.0581,N,Y
172905,SNEMA,NONE,10,"NMFS spring BTS",SPRING,2019,5,.0413,N,Y
172905,SNEMA,NONE,10,"NMFS spring BTS",SPRING,2019,6,.0097,N,Y
172905,SNEMA,NONE,10,"NMFS spring BTS",SPRING,2019,7,.0052,N,Y
172905,SNEMA,NONE,10,"NMFS spring BTS",SPRING,2019,8,.0036,N,Y
172905,SNEMA,NONE,10,"NMFS spring BTS",SPRING,2019,13,.0018,N,Y
172905,SNEMA,NONE,10,"NMFS spring BTS",SPRING,2019,18,.0026,N,Y
172905,SNEMA,NONE,10,"NMFS spring BTS",SPRING,2020,1,.0446,N,N
172905,SNEMA,NONE,10,"NMFS spring BTS",SPRING,2020,2,.0231,N,N
172905,SNEMA,NONE,10,"NMFS spring BTS",SPRING,2020,3,.0763,N,N
172905,SNEMA,NONE,10,"NMFS spring BTS",SPRING,2020,4,.0142,N,N
172905,SNEMA,NONE,10,"NMFS spring BTS",SPRING,2020,5,.011,N,N
172905,SNEMA,NONE,10,"NMFS spring BTS",SPRING,2020,6,.0065,N,N
172905,SNEMA,NONE,10,"NMFS spring BTS",SPRING,2020,7,.0024,N,N
172905,SNEMA,NONE,10,"NMFS spring BTS",SPRING,2020,8,.0025,N,N
172905,SNEMA,NONE,10,"NMFS spring BTS",SPRING,2021,1,.0412,N,Y
172905,SNEMA,NONE,10,"NMFS spring BTS",SPRING,2021,2,.069,N,Y
172905,SNEMA,NONE,10,"NMFS spring BTS",SPRING,2021,3,.0477,N,Y
172905,SNEMA,NONE,10,"NMFS spring BTS",SPRING,2021,4,.0331,N,Y
172905,SNEMA,NONE,10,"NMFS spring BTS",SPRING,2021,5,.0275,N,Y
172905,SNEMA,NONE,10,"NMFS spring BTS",SPRING,2021,6,.0056,N,Y
172905,SNEMA,NONE,10,"NMFS spring BTS",SPRING,2021,7,.0049,N,Y
172905,SNEMA,NONE,10,"NMFS spring BTS",SPRING,2021,8,.0049,N,Y
172905,SNEMA,NONE,10,"NMFS spring BTS",SPRING,2021,9,.0002,N,Y
172905,SNEMA,NONE,10,"NMFS spring BTS",SPRING,2022,1,.046,Y,Y
172905,SNEMA,NONE,10,"NMFS spring BTS",SPRING,2022,2,.0745,Y,Y
172905,SNEMA,NONE,10,"NMFS spring BTS",SPRING,2022,3,.044,Y,Y
172905,SNEMA,NONE,10,"NMFS spring BTS",SPRING,2022,4,.0299,Y,Y
172905,SNEMA,NONE,10,"NMFS spring BTS",SPRING,2022,5,.0276,Y,Y
172905,SNEMA,NONE,10,"NMFS spring BTS",SPRING,2022,6,.0049,Y,Y
172905,SNEMA,NONE,10,"NMFS spring BTS",SPRING,2022,7,.0055,Y,Y
172905,SNEMA,NONE,10,"NMFS spring BTS",SPRING,2023,1,.6896,N,N
172905,SNEMA,NONE,10,"NMFS spring BTS",SPRING,2023,2,1.2425,N,N
172905,SNEMA,NONE,10,"NMFS spring BTS",SPRING,2023,3,.2069,N,N
172905,SNEMA,NONE,10,"NMFS spring BTS",SPRING,2023,4,.2132,N,N
172905,SNEMA,NONE,10,"NMFS spring BTS",SPRING,2023,5,.1164,N,N
172905,SNEMA,NONE,10,"NMFS spring BTS",SPRING,2024,1,.0573,Y,Y
172905,SNEMA,NONE,10,"NMFS spring BTS",SPRING,2024,2,.0714,Y,Y
172905,SNEMA,NONE,10,"NMFS spring BTS",SPRING,2024,3,.0384,Y,Y
172905,SNEMA,NONE,10,"NMFS spring BTS",SPRING,2024,4,.0062,Y,Y
172905,SNEMA,NONE,10,"NMFS spring BTS",SPRING,2024,5,.0071,Y,Y
172905,SNEMA,NONE,10,"NMFS spring BTS",SPRING,2024,6,.0046,Y,Y
172905,SNEMA,NONE,10,"NMFS spring BTS",SPRING,2024,7,.0044,Y,Y
172905,SNEMA,NONE,10,"NMFS spring BTS",SPRING,2024,10,.0017,Y,Y
172905,SNEMA,NONE,11,"MADMF spring BTS",SPRING,1982,1,2.3394,N,Y
172905,SNEMA,NONE,11,"MADMF spring BTS",SPRING,1982,2,11.2983,N,Y
172905,SNEMA,NONE,11,"MADMF spring BTS",SPRING,1982,3,12.7246,N,Y
172905,SNEMA,NONE,11,"MADMF spring BTS",SPRING,1982,4,8.7968,N,Y
172905,SNEMA,NONE,11,"MADMF spring BTS",SPRING,1982,5,2.6637,N,Y
172905,SNEMA,NONE,11,"MADMF spring BTS",SPRING,1982,6,1.0719,N,Y
172905,SNEMA,NONE,11,"MADMF spring BTS",SPRING,1982,7,.6873,N,Y
172905,SNEMA,NONE,11,"MADMF spring BTS",SPRING,1982,8,.1222,N,Y
172905,SNEMA,NONE,11,"MADMF spring BTS",SPRING,1982,9,.1609,N,Y
172905,SNEMA,NONE,11,"MADMF spring BTS",SPRING,1983,1,1.7057,N,Y
172905,SNEMA,NONE,11,"MADMF spring BTS",SPRING,1983,2,15.3164,N,Y
172905,SNEMA,NONE,11,"MADMF spring BTS",SPRING,1983,3,17.8548,N,Y
172905,SNEMA,NONE,11,"MADMF spring BTS",SPRING,1983,4,14.1141,N,Y
172905,SNEMA,NONE,11,"MADMF spring BTS",SPRING,1983,5,4.1432,N,Y
172905,SNEMA,NONE,11,"MADMF spring BTS",SPRING,1983,6,2.3422,N,Y
172905,SNEMA,NONE,11,"MADMF spring BTS",SPRING,1983,7,1.1218,N,Y
172905,SNEMA,NONE,11,"MADMF spring BTS",SPRING,1983,8,.4817,N,Y
172905,SNEMA,NONE,11,"MADMF spring BTS",SPRING,1983,10,.4781,N,Y
172905,SNEMA,NONE,11,"MADMF spring BTS",SPRING,1983,11,.0545,N,Y
172905,SNEMA,NONE,11,"MADMF spring BTS",SPRING,1983,12,.1951,N,Y
172905,SNEMA,NONE,11,"MADMF spring BTS",SPRING,1983,14,.0336,N,Y
172905,SNEMA,NONE,11,"MADMF spring BTS",SPRING,1983,16,.0268,N,Y
172905,SNEMA,NONE,11,"MADMF spring BTS",SPRING,1984,1,.5549,N,Y
172905,SNEMA,NONE,11,"MADMF spring BTS",SPRING,1984,2,9.5859,N,Y
172905,SNEMA,NONE,11,"MADMF spring BTS",SPRING,1984,3,11.8061,N,Y
172905,SNEMA,NONE,11,"MADMF spring BTS",SPRING,1984,4,10.1902,N,Y
172905,SNEMA,NONE,11,"MADMF spring BTS",SPRING,1984,5,3.3517,N,Y
172905,SNEMA,NONE,11,"MADMF spring BTS",SPRING,1984,6,.8011,N,Y
172905,SNEMA,NONE,11,"MADMF spring BTS",SPRING,1984,7,.2632,N,Y
172905,SNEMA,NONE,11,"MADMF spring BTS",SPRING,1984,8,.0101,N,Y
172905,SNEMA,NONE,11,"MADMF spring BTS",SPRING,1985,1,2.7108,N,Y
172905,SNEMA,NONE,11,"MADMF spring BTS",SPRING,1985,2,9.979,N,Y
172905,SNEMA,NONE,11,"MADMF spring BTS",SPRING,1985,3,16.4768,N,Y
172905,SNEMA,NONE,11,"MADMF spring BTS",SPRING,1985,4,6.3502,N,Y
172905,SNEMA,NONE,11,"MADMF spring BTS",SPRING,1985,5,2.4757,N,Y
172905,SNEMA,NONE,11,"MADMF spring BTS",SPRING,1985,6,.6615,N,Y
172905,SNEMA,NONE,11,"MADMF spring BTS",SPRING,1985,7,.0517,N,Y
172905,SNEMA,NONE,11,"MADMF spring BTS",SPRING,1986,1,2.2235,N,Y
172905,SNEMA,NONE,11,"MADMF spring BTS",SPRING,1986,2,4.0588,N,Y
172905,SNEMA,NONE,11,"MADMF spring BTS",SPRING,1986,3,19.3628,N,Y
172905,SNEMA,NONE,11,"MADMF spring BTS",SPRING,1986,4,5.6889,N,Y
172905,SNEMA,NONE,11,"MADMF spring BTS",SPRING,1986,5,.8328,N,Y
172905,SNEMA,NONE,11,"MADMF spring BTS",SPRING,1986,6,.127,N,Y
172905,SNEMA,NONE,11,"MADMF spring BTS",SPRING,1986,7,.1896,N,Y
172905,SNEMA,NONE,11,"MADMF spring BTS",SPRING,1986,8,.16,N,Y
172905,SNEMA,NONE,11,"MADMF spring BTS",SPRING,1986,9,.0422,N,Y
172905,SNEMA,NONE,11,"MADMF spring BTS",SPRING,1987,1,9.3408,N,Y
172905,SNEMA,NONE,11,"MADMF spring BTS",SPRING,1987,2,7.7438,N,Y
172905,SNEMA,NONE,11,"MADMF spring BTS",SPRING,1987,3,12.3507,N,Y
172905,SNEMA,NONE,11,"MADMF spring BTS",SPRING,1987,4,6.5934,N,Y
172905,SNEMA,NONE,11,"MADMF spring BTS",SPRING,1987,5,1.899,N,Y
172905,SNEMA,NONE,11,"MADMF spring BTS",SPRING,1987,6,.216,N,Y
172905,SNEMA,NONE,11,"MADMF spring BTS",SPRING,1987,7,.2426,N,Y
172905,SNEMA,NONE,11,"MADMF spring BTS",SPRING,1987,8,.0775,N,Y
172905,SNEMA,NONE,11,"MADMF spring BTS",SPRING,1987,9,.0165,N,Y
172905,SNEMA,NONE,11,"MADMF spring BTS",SPRING,1987,10,.063,N,Y
172905,SNEMA,NONE,11,"MADMF spring BTS",SPRING,1988,1,1.5847,N,Y
172905,SNEMA,NONE,11,"MADMF spring BTS",SPRING,1988,2,7.0221,N,Y
172905,SNEMA,NONE,11,"MADMF spring BTS",SPRING,1988,3,14.6584,N,Y
172905,SNEMA,NONE,11,"MADMF spring BTS",SPRING,1988,4,1.9885,N,Y
172905,SNEMA,NONE,11,"MADMF spring BTS",SPRING,1988,5,.3488,N,Y
172905,SNEMA,NONE,11,"MADMF spring BTS",SPRING,1988,7,.1607,N,Y
172905,SNEMA,NONE,11,"MADMF spring BTS",SPRING,1988,10,.0101,N,Y
172905,SNEMA,NONE,11,"MADMF spring BTS",SPRING,1989,1,2.2572,N,Y
172905,SNEMA,NONE,11,"MADMF spring BTS",SPRING,1989,2,6.0828,N,Y
172905,SNEMA,NONE,11,"MADMF spring BTS",SPRING,1989,3,12.2997,N,Y
172905,SNEMA,NONE,11,"MADMF spring BTS",SPRING,1989,4,4.6754,N,Y
172905,SNEMA,NONE,11,"MADMF spring BTS",SPRING,1989,5,1.0052,N,Y
172905,SNEMA,NONE,11,"MADMF spring BTS",SPRING,1989,6,.2855,N,Y
172905,SNEMA,NONE,11,"MADMF spring BTS",SPRING,1989,7,.2772,N,Y
172905,SNEMA,NONE,11,"MADMF spring BTS",SPRING,1989,8,.0866,N,Y
172905,SNEMA,NONE,11,"MADMF spring BTS",SPRING,1989,9,.0897,N,Y
172905,SNEMA,NONE,11,"MADMF spring BTS",SPRING,1989,10,.1657,N,Y
172905,SNEMA,NONE,11,"MADMF spring BTS",SPRING,1989,11,.0481,N,Y
172905,SNEMA,NONE,11,"MADMF spring BTS",SPRING,1989,13,.0428,N,Y
172905,SNEMA,NONE,11,"MADMF spring BTS",SPRING,1990,1,4.3947,N,Y
172905,SNEMA,NONE,11,"MADMF spring BTS",SPRING,1990,2,11.7304,N,Y
172905,SNEMA,NONE,11,"MADMF spring BTS",SPRING,1990,3,8.0276,N,Y
172905,SNEMA,NONE,11,"MADMF spring BTS",SPRING,1990,4,2.9902,N,Y
172905,SNEMA,NONE,11,"MADMF spring BTS",SPRING,1990,5,.3228,N,Y
172905,SNEMA,NONE,11,"MADMF spring BTS",SPRING,1990,6,.0198,N,Y
172905,SNEMA,NONE,11,"MADMF spring BTS",SPRING,1990,7,.0995,N,Y
172905,SNEMA,NONE,11,"MADMF spring BTS",SPRING,1990,12,.0214,N,Y
172905,SNEMA,NONE,11,"MADMF spring BTS",SPRING,1991,1,1.5723,N,Y
172905,SNEMA,NONE,11,"MADMF spring BTS",SPRING,1991,2,2.8751,N,Y
172905,SNEMA,NONE,11,"MADMF spring BTS",SPRING,1991,3,4.9039,N,Y
172905,SNEMA,NONE,11,"MADMF spring BTS",SPRING,1991,4,1.1798,N,Y
172905,SNEMA,NONE,11,"MADMF spring BTS",SPRING,1991,5,.2357,N,Y
172905,SNEMA,NONE,11,"MADMF spring BTS",SPRING,1991,6,.1263,N,Y
172905,SNEMA,NONE,11,"MADMF spring BTS",SPRING,1991,7,.0207,N,Y
172905,SNEMA,NONE,11,"MADMF spring BTS",SPRING,1991,11,.0214,N,Y
172905,SNEMA,NONE,11,"MADMF spring BTS",SPRING,1992,1,7.8915,N,Y
172905,SNEMA,NONE,11,"MADMF spring BTS",SPRING,1992,2,7.4049,N,Y
172905,SNEMA,NONE,11,"MADMF spring BTS",SPRING,1992,3,6.7269,N,Y
172905,SNEMA,NONE,11,"MADMF spring BTS",SPRING,1992,4,4.2102,N,Y
172905,SNEMA,NONE,11,"MADMF spring BTS",SPRING,1992,5,1.6693,N,Y
172905,SNEMA,NONE,11,"MADMF spring BTS",SPRING,1992,6,.5996,N,Y
172905,SNEMA,NONE,11,"MADMF spring BTS",SPRING,1992,7,.068,N,Y
172905,SNEMA,NONE,11,"MADMF spring BTS",SPRING,1992,8,.079,N,Y
172905,SNEMA,NONE,11,"MADMF spring BTS",SPRING,1992,9,.0288,N,Y
172905,SNEMA,NONE,11,"MADMF spring BTS",SPRING,1992,10,.0743,N,Y
172905,SNEMA,NONE,11,"MADMF spring BTS",SPRING,1992,12,.0385,N,Y
172905,SNEMA,NONE,11,"MADMF spring BTS",SPRING,1993,1,15.9284,N,Y
172905,SNEMA,NONE,11,"MADMF spring BTS",SPRING,1993,2,18.7502,N,Y
172905,SNEMA,NONE,11,"MADMF spring BTS",SPRING,1993,3,12.0168,N,Y
172905,SNEMA,NONE,11,"MADMF spring BTS",SPRING,1993,4,2.7626,N,Y
172905,SNEMA,NONE,11,"MADMF spring BTS",SPRING,1993,5,.6454,N,Y
172905,SNEMA,NONE,11,"MADMF spring BTS",SPRING,1993,6,.1406,N,Y
172905,SNEMA,NONE,11,"MADMF spring BTS",SPRING,1993,7,.0184,N,Y
172905,SNEMA,NONE,11,"MADMF spring BTS",SPRING,1993,8,.0368,N,Y
172905,SNEMA,NONE,11,"MADMF spring BTS",SPRING,1994,1,12.0403,N,Y
172905,SNEMA,NONE,11,"MADMF spring BTS",SPRING,1994,2,17.352,N,Y
172905,SNEMA,NONE,11,"MADMF spring BTS",SPRING,1994,3,14.9595,N,Y
172905,SNEMA,NONE,11,"MADMF spring BTS",SPRING,1994,4,4.7212,N,Y
172905,SNEMA,NONE,11,"MADMF spring BTS",SPRING,1994,5,.619,N,Y
172905,SNEMA,NONE,11,"MADMF spring BTS",SPRING,1994,6,.5913,N,Y
172905,SNEMA,NONE,11,"MADMF spring BTS",SPRING,1994,7,.3725,N,Y
172905,SNEMA,NONE,11,"MADMF spring BTS",SPRING,1994,8,.0515,N,Y
172905,SNEMA,NONE,11,"MADMF spring BTS",SPRING,1994,9,.0202,N,Y
172905,SNEMA,NONE,11,"MADMF spring BTS",SPRING,1995,1,14.0162,N,Y
172905,SNEMA,NONE,11,"MADMF spring BTS",SPRING,1995,2,11.1434,N,Y
172905,SNEMA,NONE,11,"MADMF spring BTS",SPRING,1995,3,8.1018,N,Y
172905,SNEMA,NONE,11,"MADMF spring BTS",SPRING,1995,4,1.9251,N,Y
172905,SNEMA,NONE,11,"MADMF spring BTS",SPRING,1995,5,.6059,N,Y
172905,SNEMA,NONE,11,"MADMF spring BTS",SPRING,1995,6,.8028,N,Y
172905,SNEMA,NONE,11,"MADMF spring BTS",SPRING,1995,7,.2782,N,Y
172905,SNEMA,NONE,11,"MADMF spring BTS",SPRING,1995,8,.1424,N,Y
172905,SNEMA,NONE,11,"MADMF spring BTS",SPRING,1995,9,.063,N,Y
172905,SNEMA,NONE,11,"MADMF spring BTS",SPRING,1996,1,4.9654,N,Y
172905,SNEMA,NONE,11,"MADMF spring BTS",SPRING,1996,2,10.1228,N,Y
172905,SNEMA,NONE,11,"MADMF spring BTS",SPRING,1996,3,7.7247,N,Y
172905,SNEMA,NONE,11,"MADMF spring BTS",SPRING,1996,4,2.856,N,Y
172905,SNEMA,NONE,11,"MADMF spring BTS",SPRING,1996,5,1.9993,N,Y
172905,SNEMA,NONE,11,"MADMF spring BTS",SPRING,1996,6,1.4568,N,Y
172905,SNEMA,NONE,11,"MADMF spring BTS",SPRING,1996,7,.8506,N,Y
172905,SNEMA,NONE,11,"MADMF spring BTS",SPRING,1996,8,.292,N,Y
172905,SNEMA,NONE,11,"MADMF spring BTS",SPRING,1996,9,.3478,N,Y
172905,SNEMA,NONE,11,"MADMF spring BTS",SPRING,1996,10,.1108,N,Y
172905,SNEMA,NONE,11,"MADMF spring BTS",SPRING,1996,11,.1295,N,Y
172905,SNEMA,NONE,11,"MADMF spring BTS",SPRING,1996,12,.019,N,Y
172905,SNEMA,NONE,11,"MADMF spring BTS",SPRING,1996,13,.0303,N,Y
172905,SNEMA,NONE,11,"MADMF spring BTS",SPRING,1997,1,10.4067,N,Y
172905,SNEMA,NONE,11,"MADMF spring BTS",SPRING,1997,2,9.3004,N,Y
172905,SNEMA,NONE,11,"MADMF spring BTS",SPRING,1997,3,10.2669,N,Y
172905,SNEMA,NONE,11,"MADMF spring BTS",SPRING,1997,4,4.2632,N,Y
172905,SNEMA,NONE,11,"MADMF spring BTS",SPRING,1997,5,1.3219,N,Y
172905,SNEMA,NONE,11,"MADMF spring BTS",SPRING,1997,6,1.0028,N,Y
172905,SNEMA,NONE,11,"MADMF spring BTS",SPRING,1997,7,.4879,N,Y
172905,SNEMA,NONE,11,"MADMF spring BTS",SPRING,1997,8,.7499,N,Y
172905,SNEMA,NONE,11,"MADMF spring BTS",SPRING,1997,9,.3235,N,Y
172905,SNEMA,NONE,11,"MADMF spring BTS",SPRING,1997,10,.1317,N,Y
172905,SNEMA,NONE,11,"MADMF spring BTS",SPRING,1997,11,.0962,N,Y
172905,SNEMA,NONE,11,"MADMF spring BTS",SPRING,1997,12,.0725,N,Y
172905,SNEMA,NONE,11,"MADMF spring BTS",SPRING,1997,13,.0709,N,Y
172905,SNEMA,NONE,11,"MADMF spring BTS",SPRING,1998,1,8.4658,N,Y
172905,SNEMA,NONE,11,"MADMF spring BTS",SPRING,1998,2,13.0921,N,Y
172905,SNEMA,NONE,11,"MADMF spring BTS",SPRING,1998,3,7.2131,N,Y
172905,SNEMA,NONE,11,"MADMF spring BTS",SPRING,1998,4,3.5102,N,Y
172905,SNEMA,NONE,11,"MADMF spring BTS",SPRING,1998,5,1.469,N,Y
172905,SNEMA,NONE,11,"MADMF spring BTS",SPRING,1998,6,1.2232,N,Y
172905,SNEMA,NONE,11,"MADMF spring BTS",SPRING,1998,7,.4109,N,Y
172905,SNEMA,NONE,11,"MADMF spring BTS",SPRING,1998,8,.3078,N,Y
172905,SNEMA,NONE,11,"MADMF spring BTS",SPRING,1998,9,.0305,N,Y
172905,SNEMA,NONE,11,"MADMF spring BTS",SPRING,1999,1,9.6586,N,Y
172905,SNEMA,NONE,11,"MADMF spring BTS",SPRING,1999,2,8.002,N,Y
172905,SNEMA,NONE,11,"MADMF spring BTS",SPRING,1999,3,5.8074,N,Y
172905,SNEMA,NONE,11,"MADMF spring BTS",SPRING,1999,4,1.8861,N,Y
172905,SNEMA,NONE,11,"MADMF spring BTS",SPRING,1999,5,.2087,N,Y
172905,SNEMA,NONE,11,"MADMF spring BTS",SPRING,1999,6,.2453,N,Y
172905,SNEMA,NONE,11,"MADMF spring BTS",SPRING,1999,7,.1264,N,Y
172905,SNEMA,NONE,11,"MADMF spring BTS",SPRING,1999,8,.0345,N,Y
172905,SNEMA,NONE,11,"MADMF spring BTS",SPRING,2000,1,5.4277,N,Y
172905,SNEMA,NONE,11,"MADMF spring BTS",SPRING,2000,2,7.7793,N,Y
172905,SNEMA,NONE,11,"MADMF spring BTS",SPRING,2000,3,6.6836,N,Y
172905,SNEMA,NONE,11,"MADMF spring BTS",SPRING,2000,4,1.7377,N,Y
172905,SNEMA,NONE,11,"MADMF spring BTS",SPRING,2000,5,1.0934,N,Y
172905,SNEMA,NONE,11,"MADMF spring BTS",SPRING,2000,6,.4568,N,Y
172905,SNEMA,NONE,11,"MADMF spring BTS",SPRING,2000,7,.0955,N,Y
172905,SNEMA,NONE,11,"MADMF spring BTS",SPRING,2000,8,.1809,N,Y
172905,SNEMA,NONE,11,"MADMF spring BTS",SPRING,2001,1,5.4342,N,Y
172905,SNEMA,NONE,11,"MADMF spring BTS",SPRING,2001,2,4.7324,N,Y
172905,SNEMA,NONE,11,"MADMF spring BTS",SPRING,2001,3,2.3877,N,Y
172905,SNEMA,NONE,11,"MADMF spring BTS",SPRING,2001,4,2.0173,N,Y
172905,SNEMA,NONE,11,"MADMF spring BTS",SPRING,2001,5,.6551,N,Y
172905,SNEMA,NONE,11,"MADMF spring BTS",SPRING,2001,6,.1996,N,Y
172905,SNEMA,NONE,11,"MADMF spring BTS",SPRING,2001,7,.1261,N,Y
172905,SNEMA,NONE,11,"MADMF spring BTS",SPRING,2001,8,.1166,N,Y
172905,SNEMA,NONE,11,"MADMF spring BTS",SPRING,2001,10,.0154,N,Y
172905,SNEMA,NONE,11,"MADMF spring BTS",SPRING,2002,1,.582,N,Y
172905,SNEMA,NONE,11,"MADMF spring BTS",SPRING,2002,2,3.0041,N,Y
172905,SNEMA,NONE,11,"MADMF spring BTS",SPRING,2002,3,1.5487,N,Y
172905,SNEMA,NONE,11,"MADMF spring BTS",SPRING,2002,4,.8203,N,Y
172905,SNEMA,NONE,11,"MADMF spring BTS",SPRING,2002,5,.2864,N,Y
172905,SNEMA,NONE,11,"MADMF spring BTS",SPRING,2002,6,.074,N,Y
172905,SNEMA,NONE,11,"MADMF spring BTS",SPRING,2003,1,4.1245,N,Y
172905,SNEMA,NONE,11,"MADMF spring BTS",SPRING,2003,2,3.7831,N,Y
172905,SNEMA,NONE,11,"MADMF spring BTS",SPRING,2003,3,6.1532,N,Y
172905,SNEMA,NONE,11,"MADMF spring BTS",SPRING,2003,4,2.2513,N,Y
172905,SNEMA,NONE,11,"MADMF spring BTS",SPRING,2003,5,1.1406,N,Y
172905,SNEMA,NONE,11,"MADMF spring BTS",SPRING,2003,6,.2427,N,Y
172905,SNEMA,NONE,11,"MADMF spring BTS",SPRING,2003,7,.026,N,Y
172905,SNEMA,NONE,11,"MADMF spring BTS",SPRING,2004,1,3.4579,Y,Y
172905,SNEMA,NONE,11,"MADMF spring BTS",SPRING,2004,2,3.1507,Y,Y
172905,SNEMA,NONE,11,"MADMF spring BTS",SPRING,2004,3,1.9681,Y,Y
172905,SNEMA,NONE,11,"MADMF spring BTS",SPRING,2004,4,1.6707,Y,Y
172905,SNEMA,NONE,11,"MADMF spring BTS",SPRING,2004,5,.5599,Y,Y
172905,SNEMA,NONE,11,"MADMF spring BTS",SPRING,2004,6,.214,Y,Y
172905,SNEMA,NONE,11,"MADMF spring BTS",SPRING,2004,7,.0862,Y,Y
172905,SNEMA,NONE,11,"MADMF spring BTS",SPRING,2004,8,.0323,Y,Y
172905,SNEMA,NONE,11,"MADMF spring BTS",SPRING,2005,1,14.0515,Y,Y
172905,SNEMA,NONE,11,"MADMF spring BTS",SPRING,2005,2,8.4207,Y,Y
172905,SNEMA,NONE,11,"MADMF spring BTS",SPRING,2005,3,2.6847,Y,Y
172905,SNEMA,NONE,11,"MADMF spring BTS",SPRING,2005,4,1.0734,Y,Y
172905,SNEMA,NONE,11,"MADMF spring BTS",SPRING,2005,5,.5922,Y,Y
172905,SNEMA,NONE,11,"MADMF spring BTS",SPRING,2005,6,.1124,Y,Y
172905,SNEMA,NONE,11,"MADMF spring BTS",SPRING,2005,7,.0205,Y,Y
172905,SNEMA,NONE,11,"MADMF spring BTS",SPRING,2005,8,.0619,Y,Y
172905,SNEMA,NONE,11,"MADMF spring BTS",SPRING,2006,1,3.1922,N,Y
172905,SNEMA,NONE,11,"MADMF spring BTS",SPRING,2006,2,9.6059,N,Y
172905,SNEMA,NONE,11,"MADMF spring BTS",SPRING,2006,3,2.976,N,Y
172905,SNEMA,NONE,11,"MADMF spring BTS",SPRING,2006,4,1.1163,N,Y
172905,SNEMA,NONE,11,"MADMF spring BTS",SPRING,2006,5,.3248,N,Y
172905,SNEMA,NONE,11,"MADMF spring BTS",SPRING,2006,6,.1981,N,Y
172905,SNEMA,NONE,11,"MADMF spring BTS",SPRING,2006,7,.1178,N,Y
172905,SNEMA,NONE,11,"MADMF spring BTS",SPRING,2006,8,.0646,N,Y
172905,SNEMA,NONE,11,"MADMF spring BTS",SPRING,2006,9,.0184,N,Y
172905,SNEMA,NONE,11,"MADMF spring BTS",SPRING,2007,1,3.6916,Y,Y
172905,SNEMA,NONE,11,"MADMF spring BTS",SPRING,2007,2,5.5787,Y,Y
172905,SNEMA,NONE,11,"MADMF spring BTS",SPRING,2007,3,5.3192,Y,Y
172905,SNEMA,NONE,11,"MADMF spring BTS",SPRING,2007,4,1.6341,Y,Y
172905,SNEMA,NONE,11,"MADMF spring BTS",SPRING,2007,5,.3527,Y,Y
172905,SNEMA,NONE,11,"MADMF spring BTS",SPRING,2007,6,.0886,Y,Y
172905,SNEMA,NONE,11,"MADMF spring BTS",SPRING,2007,7,.0169,Y,Y
172905,SNEMA,NONE,11,"MADMF spring BTS",SPRING,2008,1,3.0533,N,Y
172905,SNEMA,NONE,11,"MADMF spring BTS",SPRING,2008,2,4.6243,N,Y
172905,SNEMA,NONE,11,"MADMF spring BTS",SPRING,2008,3,2.0645,N,Y
172905,SNEMA,NONE,11,"MADMF spring BTS",SPRING,2008,4,.5886,N,Y
172905,SNEMA,NONE,11,"MADMF spring BTS",SPRING,2008,5,.1279,N,Y
172905,SNEMA,NONE,11,"MADMF spring BTS",SPRING,2008,6,.02,N,Y
172905,SNEMA,NONE,11,"MADMF spring BTS",SPRING,2008,7,.0192,N,Y
172905,SNEMA,NONE,11,"MADMF spring BTS",SPRING,2008,8,.0384,N,Y
172905,SNEMA,NONE,11,"MADMF spring BTS",SPRING,2009,1,2.6193,Y,Y
172905,SNEMA,NONE,11,"MADMF spring BTS",SPRING,2009,2,6.037,Y,Y
172905,SNEMA,NONE,11,"MADMF spring BTS",SPRING,2009,3,4.0896,Y,Y
172905,SNEMA,NONE,11,"MADMF spring BTS",SPRING,2009,4,1.0573,Y,Y
172905,SNEMA,NONE,11,"MADMF spring BTS",SPRING,2009,5,.6755,Y,Y
172905,SNEMA,NONE,11,"MADMF spring BTS",SPRING,2009,6,.0633,Y,Y
172905,SNEMA,NONE,11,"MADMF spring BTS",SPRING,2009,7,.0416,Y,Y
172905,SNEMA,NONE,11,"MADMF spring BTS",SPRING,2010,1,14.201,Y,Y
172905,SNEMA,NONE,11,"MADMF spring BTS",SPRING,2010,2,6.9381,Y,Y
172905,SNEMA,NONE,11,"MADMF spring BTS",SPRING,2010,3,5.5738,Y,Y
172905,SNEMA,NONE,11,"MADMF spring BTS",SPRING,2010,4,1.7366,Y,Y
172905,SNEMA,NONE,11,"MADMF spring BTS",SPRING,2010,5,.9254,Y,Y
172905,SNEMA,NONE,11,"MADMF spring BTS",SPRING,2010,6,.395,Y,Y
172905,SNEMA,NONE,11,"MADMF spring BTS",SPRING,2010,7,.073,Y,Y
172905,SNEMA,NONE,11,"MADMF spring BTS",SPRING,2011,1,1.4693,Y,Y
172905,SNEMA,NONE,11,"MADMF spring BTS",SPRING,2011,2,3.02,Y,Y
172905,SNEMA,NONE,11,"MADMF spring BTS",SPRING,2011,3,2.6944,Y,Y
172905,SNEMA,NONE,11,"MADMF spring BTS",SPRING,2011,4,.8302,Y,Y
172905,SNEMA,NONE,11,"MADMF spring BTS",SPRING,2011,5,.425,Y,Y
172905,SNEMA,NONE,11,"MADMF spring BTS",SPRING,2011,6,.2104,Y,Y
172905,SNEMA,NONE,11,"MADMF spring BTS",SPRING,2011,7,.0488,Y,Y
172905,SNEMA,NONE,11,"MADMF spring BTS",SPRING,2012,1,2.5237,Y,Y
172905,SNEMA,NONE,11,"MADMF spring BTS",SPRING,2012,2,3.4468,Y,Y
172905,SNEMA,NONE,11,"MADMF spring BTS",SPRING,2012,3,3.1476,Y,Y
172905,SNEMA,NONE,11,"MADMF spring BTS",SPRING,2012,4,.8859,Y,Y
172905,SNEMA,NONE,11,"MADMF spring BTS",SPRING,2012,5,.459,Y,Y
172905,SNEMA,NONE,11,"MADMF spring BTS",SPRING,2012,6,.2372,Y,Y
172905,SNEMA,NONE,11,"MADMF spring BTS",SPRING,2012,7,.0508,Y,Y
172905,SNEMA,NONE,11,"MADMF spring BTS",SPRING,2012,8,.0524,Y,Y
172905,SNEMA,NONE,11,"MADMF spring BTS",SPRING,2012,9,.0192,Y,Y
172905,SNEMA,NONE,11,"MADMF spring BTS",SPRING,2012,12,.0231,Y,Y
172905,SNEMA,NONE,11,"MADMF spring BTS",SPRING,2013,1,.6491,N,Y
172905,SNEMA,NONE,11,"MADMF spring BTS",SPRING,2013,2,2.4294,N,Y
172905,SNEMA,NONE,11,"MADMF spring BTS",SPRING,2013,3,1.9238,N,Y
172905,SNEMA,NONE,11,"MADMF spring BTS",SPRING,2013,4,1.0529,N,Y
172905,SNEMA,NONE,11,"MADMF spring BTS",SPRING,2013,5,.2192,N,Y
172905,SNEMA,NONE,11,"MADMF spring BTS",SPRING,2013,6,.2306,N,Y
172905,SNEMA,NONE,11,"MADMF spring BTS",SPRING,2013,7,.0403,N,Y
172905,SNEMA,NONE,11,"MADMF spring BTS",SPRING,2013,8,.0173,N,Y
172905,SNEMA,NONE,11,"MADMF spring BTS",SPRING,2013,9,.045,N,Y
172905,SNEMA,NONE,11,"MADMF spring BTS",SPRING,2013,10,.0163,N,Y
172905,SNEMA,NONE,11,"MADMF spring BTS",SPRING,2014,1,2.4296,N,Y
172905,SNEMA,NONE,11,"MADMF spring BTS",SPRING,2014,2,2.2257,N,Y
172905,SNEMA,NONE,11,"MADMF spring BTS",SPRING,2014,3,1.3925,N,Y
172905,SNEMA,NONE,11,"MADMF spring BTS",SPRING,2014,4,.5469,N,Y
172905,SNEMA,NONE,11,"MADMF spring BTS",SPRING,2014,5,.2698,N,Y
172905,SNEMA,NONE,11,"MADMF spring BTS",SPRING,2014,6,.1461,N,Y
172905,SNEMA,NONE,11,"MADMF spring BTS",SPRING,2014,7,.0927,N,Y
172905,SNEMA,NONE,11,"MADMF spring BTS",SPRING,2014,8,.0467,N,Y
172905,SNEMA,NONE,11,"MADMF spring BTS",SPRING,2014,9,.0121,N,Y
172905,SNEMA,NONE,11,"MADMF spring BTS",SPRING,2014,10,.0336,N,Y
172905,SNEMA,NONE,11,"MADMF spring BTS",SPRING,2015,1,2.431,N,Y
172905,SNEMA,NONE,11,"MADMF spring BTS",SPRING,2015,2,3.1785,N,Y
172905,SNEMA,NONE,11,"MADMF spring BTS",SPRING,2015,3,2.2684,N,Y
172905,SNEMA,NONE,11,"MADMF spring BTS",SPRING,2015,4,1.0155,N,Y
172905,SNEMA,NONE,11,"MADMF spring BTS",SPRING,2015,5,.0996,N,Y
172905,SNEMA,NONE,11,"MADMF spring BTS",SPRING,2015,6,.0991,N,Y
172905,SNEMA,NONE,11,"MADMF spring BTS",SPRING,2015,7,.0635,N,Y
172905,SNEMA,NONE,11,"MADMF spring BTS",SPRING,2015,8,.0384,N,Y
172905,SNEMA,NONE,11,"MADMF spring BTS",SPRING,2016,1,6.9895,N,Y
172905,SNEMA,NONE,11,"MADMF spring BTS",SPRING,2016,2,4.4796,N,Y
172905,SNEMA,NONE,11,"MADMF spring BTS",SPRING,2016,3,2.5509,N,Y
172905,SNEMA,NONE,11,"MADMF spring BTS",SPRING,2016,4,.7739,N,Y
172905,SNEMA,NONE,11,"MADMF spring BTS",SPRING,2016,5,.19,N,Y
172905,SNEMA,NONE,11,"MADMF spring BTS",SPRING,2016,6,.0466,N,Y
172905,SNEMA,NONE,11,"MADMF spring BTS",SPRING,2016,7,.0462,N,Y
172905,SNEMA,NONE,11,"MADMF spring BTS",SPRING,2016,8,.0394,N,Y
172905,SNEMA,NONE,11,"MADMF spring BTS",SPRING,2016,9,.0096,N,Y
172905,SNEMA,NONE,11,"MADMF spring BTS",SPRING,2016,11,.0125,N,Y
172905,SNEMA,NONE,11,"MADMF spring BTS",SPRING,2017,1,1.4564,N,Y
172905,SNEMA,NONE,11,"MADMF spring BTS",SPRING,2017,2,1.4684,N,Y
172905,SNEMA,NONE,11,"MADMF spring BTS",SPRING,2017,3,2.6977,N,Y
172905,SNEMA,NONE,11,"MADMF spring BTS",SPRING,2017,4,1.5593,N,Y
172905,SNEMA,NONE,11,"MADMF spring BTS",SPRING,2017,5,.0654,N,Y
172905,SNEMA,NONE,11,"MADMF spring BTS",SPRING,2017,6,.1617,N,Y
172905,SNEMA,NONE,11,"MADMF spring BTS",SPRING,2017,7,.0325,N,Y
172905,SNEMA,NONE,11,"MADMF spring BTS",SPRING,2017,8,.0298,N,Y
172905,SNEMA,NONE,11,"MADMF spring BTS",SPRING,2018,1,5.4054,Y,Y
172905,SNEMA,NONE,11,"MADMF spring BTS",SPRING,2018,2,3.0826,Y,Y
172905,SNEMA,NONE,11,"MADMF spring BTS",SPRING,2018,3,1.9403,Y,Y
172905,SNEMA,NONE,11,"MADMF spring BTS",SPRING,2018,4,.9863,Y,Y
172905,SNEMA,NONE,11,"MADMF spring BTS",SPRING,2018,5,.2756,Y,Y
172905,SNEMA,NONE,11,"MADMF spring BTS",SPRING,2018,6,.0389,Y,Y
172905,SNEMA,NONE,11,"MADMF spring BTS",SPRING,2018,7,.0416,Y,Y
172905,SNEMA,NONE,11,"MADMF spring BTS",SPRING,2018,8,.0192,Y,Y
172905,SNEMA,NONE,11,"MADMF spring BTS",SPRING,2018,9,.0471,Y,Y
172905,SNEMA,NONE,11,"MADMF spring BTS",SPRING,2018,11,.0231,Y,Y
172905,SNEMA,NONE,11,"MADMF spring BTS",SPRING,2019,1,.9839,N,Y
172905,SNEMA,NONE,11,"MADMF spring BTS",SPRING,2019,2,1.1312,N,Y
172905,SNEMA,NONE,11,"MADMF spring BTS",SPRING,2019,3,2.277,N,Y
172905,SNEMA,NONE,11,"MADMF spring BTS",SPRING,2019,4,.4538,N,Y
172905,SNEMA,NONE,11,"MADMF spring BTS",SPRING,2019,5,.1471,N,Y
172905,SNEMA,NONE,11,"MADMF spring BTS",SPRING,2019,6,.1167,N,Y
172905,SNEMA,NONE,11,"MADMF spring BTS",SPRING,2019,7,.0365,N,Y
172905,SNEMA,NONE,11,"MADMF spring BTS",SPRING,2019,8,.0136,N,Y
172905,SNEMA,NONE,11,"MADMF spring BTS",SPRING,2019,11,.0096,N,Y
172905,SNEMA,NONE,11,"MADMF spring BTS",SPRING,2020,,,,
172905,SNEMA,NONE,11,"MADMF spring BTS",SPRING,2021,1,3.9614,N,Y
172905,SNEMA,NONE,11,"MADMF spring BTS",SPRING,2021,2,4.148,N,Y
172905,SNEMA,NONE,11,"MADMF spring BTS",SPRING,2021,3,.9444,N,Y
172905,SNEMA,NONE,11,"MADMF spring BTS",SPRING,2021,4,.7108,N,Y
172905,SNEMA,NONE,11,"MADMF spring BTS",SPRING,2021,5,.1138,N,Y
172905,SNEMA,NONE,11,"MADMF spring BTS",SPRING,2021,6,.0388,N,Y
172905,SNEMA,NONE,11,"MADMF spring BTS",SPRING,2021,7,.0196,N,Y
172905,SNEMA,NONE,11,"MADMF spring BTS",SPRING,2021,8,.0196,N,Y
172905,SNEMA,NONE,11,"MADMF spring BTS",SPRING,2021,9,.0231,N,Y
172905,SNEMA,NONE,11,"MADMF spring BTS",SPRING,2021,10,.0214,N,Y
172905,SNEMA,NONE,11,"MADMF spring BTS",SPRING,2022,1,1.5676,N,Y
172905,SNEMA,NONE,11,"MADMF spring BTS",SPRING,2022,2,.786,N,Y
172905,SNEMA,NONE,11,"MADMF spring BTS",SPRING,2022,3,.5121,N,Y
172905,SNEMA,NONE,11,"MADMF spring BTS",SPRING,2022,4,.1747,N,Y
172905,SNEMA,NONE,11,"MADMF spring BTS",SPRING,2022,5,.0956,N,Y
172905,SNEMA,NONE,11,"MADMF spring BTS",SPRING,2022,7,.0213,N,Y
172905,SNEMA,NONE,11,"MADMF spring BTS",SPRING,2023,1,4.2409,N,Y
172905,SNEMA,NONE,11,"MADMF spring BTS",SPRING,2023,2,1.7817,N,Y
172905,SNEMA,NONE,11,"MADMF spring BTS",SPRING,2023,3,.8821,N,Y
172905,SNEMA,NONE,11,"MADMF spring BTS",SPRING,2023,4,.6685,N,Y
172905,SNEMA,NONE,11,"MADMF spring BTS",SPRING,2023,5,.2304,N,Y
172905,SNEMA,NONE,11,"MADMF spring BTS",SPRING,2023,6,.0165,N,Y
172905,SNEMA,NONE,11,"MADMF spring BTS",SPRING,2024,1,1.5478,Y,Y
172905,SNEMA,NONE,11,"MADMF spring BTS",SPRING,2024,2,1.8437,Y,Y
172905,SNEMA,NONE,11,"MADMF spring BTS",SPRING,2024,3,.6872,Y,Y
172905,SNEMA,NONE,11,"MADMF spring BTS",SPRING,2024,4,.1751,Y,Y
172905,SNEMA,NONE,11,"MADMF spring BTS",SPRING,2024,5,.0575,Y,Y
172905,SNEMA,NONE,11,"MADMF spring BTS",SPRING,2024,8,.0201,Y,Y
